time,btc_price,daily_active_addresses,whale_vol_btc,whale_vol_usd,whale_tx_count
01-06-2021 00:00,"36,624","5,82,772","11,98,531","43,89,51,55,772","1,123"
02-06-2021 00:00,"37,359","7,24,914","8,59,022","32,09,20,13,153","1,049"
03-06-2021 00:00,"38,600","6,69,661","9,18,914","35,47,02,53,963","1,063"
04-06-2021 00:00,"37,147","5,74,084","7,53,419","27,98,72,59,110","1,020"
05-06-2021 00:00,"36,639","4,45,624","5,57,052","20,40,97,01,967",715
06-06-2021 00:00,"36,008","4,46,151","15,94,312","57,40,86,58,174",985
07-06-2021 00:00,"35,934","5,68,623","18,56,320","66,70,53,31,758","1,591"
08-06-2021 00:00,"32,960","6,63,397","21,99,372","72,49,10,89,234","1,899"
09-06-2021 00:00,"34,892","4,58,562","10,23,758","35,72,08,46,368","1,120"
10-06-2021 00:00,"37,037","5,29,300","11,05,032","40,92,73,68,220","1,153"
11-06-2021 00:00,"37,034","4,99,227","11,86,181","43,92,91,27,408",876
12-06-2021 00:00,"35,782","6,56,791","7,93,810","28,40,44,52,127",602
13-06-2021 00:00,"36,413","4,99,242","9,96,443","36,28,38,65,609",604
14-06-2021 00:00,"39,689","5,70,807","12,04,009","47,78,56,61,094","1,009"
15-06-2021 00:00,"40,231","5,75,722","11,00,585","44,27,81,50,690",827
16-06-2021 00:00,"39,463","6,18,869","13,11,735","51,76,49,04,929",873
17-06-2021 00:00,"38,636","5,53,468","13,03,166","50,34,92,69,829",978
18-06-2021 00:00,"37,041","5,14,780","12,93,539","47,91,41,00,994","1,021"
19-06-2021 00:00,"35,797","4,14,824","8,74,968","31,32,12,33,575",783
20-06-2021 00:00,"35,126","4,00,703","10,75,190","37,76,69,46,013",891
21-06-2021 00:00,"33,226","4,71,533","14,39,791","47,83,90,03,295","1,564"
22-06-2021 00:00,"32,083","4,47,465","16,19,204","51,94,94,06,496","1,842"
23-06-2021 00:00,"33,799","5,13,769","15,16,189","51,24,55,82,224","1,172"
24-06-2021 00:00,"33,802","5,24,871","15,75,310","53,24,84,64,682","1,229"
25-06-2021 00:00,"33,433","5,45,701","20,96,282","70,08,58,67,935","2,384"
26-06-2021 00:00,"31,540.60","4,29,023","15,37,356","48,48,90,72,831","1,676"
27-06-2021 00:00,"33,111.40","2,64,886","10,95,063.10","36,25,90,56,249.10","1,047"
28-06-2021 00:00,"34,518.80","4,31,135","13,86,607.10","47,86,40,78,717.80","1,546"
29-06-2021 00:00,"35,592.80","4,36,416","11,01,973.80","39,22,22,86,744.10","1,442"
30-06-2021 00:00,"34,991.80","4,28,243","9,27,838.20","32,46,67,62,973.40","1,005"
01-07-2021 00:00,"33,766","4,32,633","13,75,557.50","46,44,70,24,624.30","1,138"
02-07-2021 00:00,"33,312.40","4,72,344","14,61,942.90","48,70,08,09,741.90","1,229"
03-07-2021 00:00,"34,317","6,52,120","10,21,248.80","35,04,61,86,154.50",948
04-07-2021 00:00,"35,299.70","5,94,171","13,33,661","47,07,78,93,858.60","1,471"
05-07-2021 00:00,"34,124.70","6,18,438","11,71,324.90","39,97,11,25,535.90",871
06-07-2021 00:00,"34,189.40","5,18,589","10,36,584.90","35,44,01,72,189.40",980
07-07-2021 00:00,"34,592.40","4,97,150","10,42,145.90","36,05,03,13,010.30",929
08-07-2021 00:00,"32,935.60","4,90,676","29,38,166.60","96,77,01,63,445.60","1,123"
09-07-2021 00:00,"33,196","5,45,484","31,48,912.90","1,04,53,13,38,540","1,286"
10-07-2021 00:00,"33,727.60","4,28,092","16,28,742.80","54,93,35,63,744.60","1,495"
11-07-2021 00:00,"33,819.10","4,72,581","16,55,681.40","55,99,37,07,587.20",784
12-07-2021 00:00,"33,724.40","5,27,237","14,02,399","47,29,50,44,588.40","1,126"
13-07-2021 00:00,"32,883.20","5,27,380","12,14,275.60","39,92,92,94,692.90","1,025"
14-07-2021 00:00,"32,523.30","5,18,474","12,13,559.10","39,46,89,47,786.40","1,287"
15-07-2021 00:00,"32,158.70","5,40,981","15,63,786","50,28,93,34,808.60","1,407"
16-07-2021 00:00,"31,793","4,79,482","15,74,473","50,05,71,74,340.30",973
17-07-2021 00:00,"31,608.70","3,96,440","16,20,096.70","51,20,91,81,622",986
18-07-2021 00:00,"31,808.60","4,19,071","9,96,628.50","31,70,13,15,823.30",593
19-07-2021 00:00,"31,220.10","5,68,244","15,45,462.70","48,24,94,23,069","1,146"
20-07-2021 00:00,"29,894.90","5,36,740","14,97,646.40","44,77,20,21,286.90","1,336"
21-07-2021 00:00,"31,230.50","5,34,232","15,77,638.50","49,27,04,31,671.60","1,218"
22-07-2021 00:00,"32,184.90","5,35,078","15,38,479.80","49,51,57,56,018.40",899
23-07-2021 00:00,"32,532.30","5,00,657","14,95,530.40","48,65,30,39,585",801
24-07-2021 00:00,"33,907.60","4,59,667","12,82,770.70","43,49,57,28,781.40",571
25-07-2021 00:00,"34,392.30","4,01,441","12,71,535.60","43,73,10,91,219",507
26-07-2021 00:00,"38,301.40","6,16,546","19,57,044.80","74,95,74,68,857.90","1,386"
27-07-2021 00:00,"37,677.90","6,31,994","70,99,056.50","2,67,47,74,14,790.90","1,409"
28-07-2021 00:00,"39,865","5,75,224","37,60,340.40","1,49,90,59,11,882.90","1,145"
29-07-2021 00:00,"39,893.20","5,84,629","23,54,748.60","93,93,83,47,378.80",928
30-07-2021 00:00,"39,652","5,44,469","15,40,085.30","61,06,74,70,614.40","1,019"
31-07-2021 00:00,"41,635.10","4,56,717","18,25,044.30","75,98,59,20,366.60",750
01-08-2021 00:00,"41,501.60","4,22,284","30,88,685.30","1,28,18,54,42,743",900
02-08-2021 00:00,"39,639.10","6,14,770","24,34,408.50","96,49,76,46,462.60",991
03-08-2021 00:00,"38,510.50","5,46,908","22,11,260","85,15,67,34,724.80",933
04-08-2021 00:00,"38,758.30","5,47,182","20,93,785.30","81,15,15,59,921.10","1,160"
05-08-2021 00:00,"39,472.50","5,29,215","15,69,858.10","61,96,61,98,035.60","1,087"
06-08-2021 00:00,"41,381.40","6,14,618","17,39,545.30","71,98,48,00,515.90","1,208"
07-08-2021 00:00,"43,547","4,64,377","16,67,646.50","72,62,09,52,457.50",770
08-08-2021 00:00,"44,323.60","4,72,632","15,29,302","67,78,41,57,507.50",664
09-08-2021 00:00,"44,888.70","6,17,724","16,10,291.90","72,28,39,23,227.30","1,113"
10-08-2021 00:00,"45,612.90","5,74,014","15,35,758.30","70,05,04,42,845.90","1,041"
11-08-2021 00:00,"46,059.20","5,44,750","19,54,543.50","90,02,47,30,636","1,087"
12-08-2021 00:00,"44,951.60","5,42,564","15,84,067","71,20,63,20,181.10","1,166"
13-08-2021 00:00,"46,176.20","5,71,819","13,61,794.40","62,88,24,43,067.20","1,398"
14-08-2021 00:00,"47,130.60","4,29,782","15,14,691.20","71,38,82,69,676.80","1,387"
15-08-2021 00:00,"46,461.40","4,92,052","15,59,441.70","72,45,39,04,514.70",666
16-08-2021 00:00,"46,909.60","6,30,380","20,64,797.70","96,85,87,60,142.30",850
17-08-2021 00:00,"45,966.80","6,60,182","21,12,811.20","97,11,91,52,542.80",794
18-08-2021 00:00,"45,161.30","5,56,373","24,51,664.10","1,10,72,03,50,142.70","1,069"
19-08-2021 00:00,"45,209.50","5,82,424","23,02,019.90","1,04,07,31,87,727",929
20-08-2021 00:00,"47,742.10","6,24,347","20,08,196.50","95,87,55,70,330.70","1,152"
21-08-2021 00:00,"49,015.20","4,89,499","21,90,725.30","1,07,37,88,03,219.50","1,051"
22-08-2021 00:00,"48,885.60","4,64,849","16,12,909.90","78,84,80,26,028.40",576
23-08-2021 00:00,"49,861.50","6,50,819","28,75,357.90","1,43,36,96,15,970","1,007"
24-08-2021 00:00,"48,944.20","6,33,406","78,46,814.30","3,84,05,57,27,224.30","1,420"
25-08-2021 00:00,"48,270.20","5,37,037","39,07,961.30","1,88,63,81,97,052.60","1,492"
26-08-2021 00:00,"47,352.40","4,95,753","44,09,461.70","2,08,79,85,33,972.50","1,055"
27-08-2021 00:00,"47,718.40","5,22,034","36,43,962.80","1,73,88,41,74,717.90",914
28-08-2021 00:00,"48,913.10","4,44,706","32,91,325.60","1,60,98,90,00,331.30",707
29-08-2021 00:00,"48,707","4,08,449","34,47,466","1,67,91,56,99,255.10",620
30-08-2021 00:00,"48,104.10","5,63,511","37,10,394.90","1,78,48,53,17,859.10",896
31-08-2021 00:00,"47,357.70","5,88,442","35,55,885.90","1,68,39,87,47,158",980
01-09-2021 00:00,"47,753.20","6,17,059","37,94,305.10","1,81,19,00,86,710.40","1,194"
02-09-2021 00:00,"49,693.50","6,45,241","38,85,272.80","1,93,07,26,30,233.10","1,167"
03-09-2021 00:00,"49,914.40","6,96,164","27,18,266.70","1,35,68,07,65,062.40","1,123"
04-09-2021 00:00,"50,098.80","4,97,131","25,71,952.90","1,28,85,16,88,800.60",822
05-09-2021 00:00,"50,327.20","4,55,670","19,65,780.40","98,93,22,83,480.10",659
06-09-2021 00:00,"51,752.10","6,66,016","32,78,182.80","1,69,65,29,87,317.60",977
07-09-2021 00:00,"50,060.50","5,86,984","34,53,350.90","1,72,87,63,98,468.50","1,328"
08-09-2021 00:00,"46,375.60","5,56,631","29,49,761.90","1,36,79,68,38,602.10","1,106"
09-09-2021 00:00,"46,507.90","5,60,054","35,16,239.10","1,63,53,28,57,285.10","1,001"
10-09-2021 00:00,"46,002.50","5,64,943","96,92,453.50","4,45,87,71,22,232","1,193"
11-09-2021 00:00,"45,440.20","5,69,101","53,33,506.50","2,42,35,54,81,170.60","1,157"
12-09-2021 00:00,"45,701","4,16,353","42,42,159.40","1,93,87,07,76,524.90",836
13-09-2021 00:00,"44,884.70","6,13,873","97,23,262.20","4,36,42,55,71,403.70","2,115"
14-09-2021 00:00,"46,085.10","5,87,041","1,09,22,131.30","5,03,34,78,39,074.50","1,587"
15-09-2021 00:00,"47,597.60","6,41,370","36,35,301.60","1,73,03,16,11,751.40","1,708"
16-09-2021 00:00,"47,950.20","6,77,449","40,29,580.40","1,93,21,91,01,080.70","1,894"
17-09-2021 00:00,"47,609.70","6,15,519","31,75,488","1,51,18,39,05,322.70","1,583"
18-09-2021 00:00,"48,262.40","5,02,118","27,55,057.90","1,32,96,58,44,471.90","1,281"
19-09-2021 00:00,"47,764.30","4,42,784","22,63,024.20","1,08,09,16,55,906.40",762
20-09-2021 00:00,"44,710.70","6,70,540","52,60,998.20","2,35,22,31,54,225.60","2,298"
21-09-2021 00:00,"42,516","5,35,345","1,09,29,622.80","4,64,68,41,35,331.30","2,541"
22-09-2021 00:00,"42,587.30","5,68,691","47,20,475.70","2,01,03,25,23,041.50","2,222"
23-09-2021 00:00,"44,113","5,83,375","40,94,555.50","1,80,62,31,62,545.80","2,010"
24-09-2021 00:00,"43,173.90","6,33,274","38,26,316.70","1,65,19,70,28,955.40","2,396"
25-09-2021 00:00,"42,623.20","4,07,609","49,32,637.50","2,10,24,47,26,459.50","1,693"
26-09-2021 00:00,"42,825.70","4,38,429","27,70,779.70","1,18,66,04,93,166.10","1,667"
27-09-2021 00:00,"43,559.20","5,79,367","39,20,856.20","1,70,78,94,88,977.60","2,117"
28-09-2021 00:00,"41,998.80","6,24,532","32,58,803.60","1,36,86,57,80,456.80","2,189"
29-09-2021 00:00,"41,900.60","5,25,369","36,93,582.20","1,54,76,32,47,376.20","2,057"
30-09-2021 00:00,"43,288.10","7,39,380","40,65,489.30","1,75,98,73,17,964.70","2,247"
01-10-2021 00:00,"46,083.60","5,80,769","41,11,966.40","1,89,49,42,51,276.90","2,498"
02-10-2021 00:00,"47,877.70","6,47,300","29,36,774.80","1,40,60,61,22,059.30","1,293"
03-10-2021 00:00,"48,026.80","5,09,908","33,33,030.10","1,60,07,49,27,025.20","1,257"
04-10-2021 00:00,"48,183","7,11,011","34,04,601.30","1,64,04,40,56,114.30","2,133"
05-10-2021 00:00,"50,095.90","7,02,364","45,04,406","2,25,65,23,96,400.20","2,279"
06-10-2021 00:00,"52,926.40","5,11,324","45,66,879.80","2,41,70,82,91,540.90","2,749"
07-10-2021 00:00,"54,427.80","7,56,596","41,30,526.20","2,24,81,54,32,103.50","2,506"
08-10-2021 00:00,"54,485.50","6,19,932","36,90,858.70","2,01,09,84,15,640.90","2,444"
09-10-2021 00:00,"54,775.90","6,99,735","29,55,032.40","1,61,86,45,18,531.40","1,674"
10-10-2021 00:00,"55,194.60","5,12,914","25,67,519.60","1,41,71,31,62,245.20","1,413"
11-10-2021 00:00,"56,740.60","6,95,858","39,79,218.10","2,25,78,31,08,418.80","2,209"
12-10-2021 00:00,"56,708.80","6,07,488","31,10,119.30","1,76,37,11,98,976.90","2,034"
13-10-2021 00:00,"56,107.60","6,73,208","28,73,115.90","1,61,20,36,27,195.60","1,543"
14-10-2021 00:00,"57,685.50","6,53,077","23,60,920.80","1,36,19,08,59,893.50","2,335"
15-10-2021 00:00,"59,883.50","6,01,345","34,04,054.70","2,03,84,66,83,276","2,990"
16-10-2021 00:00,"61,306.90","5,76,857","25,88,341.20","1,58,68,30,47,604.60","1,730"
17-10-2021 00:00,"60,860.60","5,45,599","29,45,689.40","1,79,27,65,19,321","1,044"
18-10-2021 00:00,"61,784.60","6,30,511","36,39,334","2,24,85,46,18,037.30","1,952"
19-10-2021 00:00,"62,749.40","6,89,871","1,07,31,915.30","6,73,42,13,76,794.50","2,302"
20-10-2021 00:00,"64,899.30","5,95,816","44,61,422.30","2,89,54,33,72,691.80","2,143"
21-10-2021 00:00,"64,419","7,54,496","39,05,939.60","2,51,61,68,47,431","2,334"
22-10-2021 00:00,"62,423.90","6,35,444","31,06,570.20","1,93,92,41,69,220.80","1,905"
23-10-2021 00:00,"61,145.40","4,88,039","24,21,075.70","1,48,03,76,58,626.60","1,255"
24-10-2021 00:00,"60,970.30","4,50,284","25,39,961","1,54,86,21,48,504","1,329"
25-10-2021 00:00,"62,533.30","7,27,040","29,34,956","1,83,53,24,00,618.30","2,239"
26-10-2021 00:00,"63,450.40","6,53,154","31,69,156.60","2,01,08,41,62,576.60","2,754"
27-10-2021 00:00,"60,248","6,16,169","25,47,824.90","1,53,50,13,20,494.70","2,327"
28-10-2021 00:00,"60,296.30","6,68,825","25,98,959","1,56,70,77,08,611.10","2,236"
29-10-2021 00:00,"61,676.40","6,21,463","27,27,040.30","1,68,19,39,85,804.90","1,937"
30-10-2021 00:00,"61,721.20","5,45,176","28,87,539.70","1,78,22,25,47,536.20","1,318"
31-10-2021 00:00,"61,230.30","5,61,019","23,76,181","1,45,49,42,53,839.40",958
01-11-2021 00:00,"61,350.40","6,93,244","28,29,735.80","1,73,60,53,10,279.20","1,822"
02-11-2021 00:00,"62,571.60","6,91,282","31,30,134","1,95,85,74,18,333.70","1,752"
03-11-2021 00:00,"62,865","6,80,806","30,42,655.20","1,91,27,64,78,426.60","2,203"
04-11-2021 00:00,"61,907.20","6,55,861","38,38,353.80","2,37,62,15,78,589","2,948"
05-11-2021 00:00,"61,602.70","6,91,939","39,24,540.50","2,41,76,24,40,855.70","2,352"
06-11-2021 00:00,"61,054.50","4,77,029","40,05,193.80","2,44,53,49,72,788.80","1,589"
07-11-2021 00:00,"62,174.90","5,11,739","31,62,077.20","1,96,60,16,96,109","1,391"
08-11-2021 00:00,"65,835.20","5,94,386","54,55,035.30","3,59,13,34,34,808.40","3,566"
09-11-2021 00:00,"67,602.40","8,42,972","45,32,653.40","3,06,41,83,14,734.70","3,448"
10-11-2021 00:00,"66,980.30","6,42,804","41,87,859","2,80,50,40,65,081.10","2,886"
11-11-2021 00:00,"65,028","6,83,139","34,74,474.80","2,25,93,80,10,855","2,217"
12-11-2021 00:00,"64,302.20","6,00,943","36,43,920.40","2,34,31,21,39,154.70","2,490"
13-11-2021 00:00,"64,164.90","4,86,163","30,26,678.60","1,94,20,66,10,130.40","1,556"
14-11-2021 00:00,"64,557.30","4,96,111","27,59,663.80","1,78,15,63,63,317","1,498"
15-11-2021 00:00,"65,199","7,16,246","40,07,721.40","2,61,29,92,42,851.60","2,640"
16-11-2021 00:00,"61,036.70","6,49,894","1,17,27,465.30","7,15,80,54,08,588","4,249"
17-11-2021 00:00,"59,977.40","6,58,171","58,27,322.80","3,49,50,78,98,509.40","3,995"
18-11-2021 00:00,"59,100.80","6,21,077","51,13,951.10","3,02,23,84,67,999.60","3,551"
19-11-2021 00:00,"57,283.90","5,80,587","41,09,327","2,35,39,80,90,872.90","2,598"
20-11-2021 00:00,"58,742","5,28,123","31,45,521.70","1,84,77,41,78,845.10","2,177"
21-11-2021 00:00,"59,232.80","5,47,459","32,94,271.60","1,95,12,90,77,808.20","1,638"
22-11-2021 00:00,"57,457.30","5,51,364","39,15,086.30","2,24,95,01,40,362.90","2,736"
23-11-2021 00:00,"56,949.10","5,30,241","40,31,801.60","2,29,60,73,53,671","2,998"
24-11-2021 00:00,"56,831.90","6,83,242","45,50,115","2,58,59,16,15,958.80","3,263"
25-11-2021 00:00,"58,343.90","5,40,638","49,38,979.60","2,88,15,91,92,256.10","3,232"
26-11-2021 00:00,"55,793.40","5,85,889","46,45,040","2,59,16,25,80,738.60","3,603"
27-11-2021 00:00,"54,756.40","4,68,893","26,38,065.40","1,44,45,08,76,344.70","2,391"
28-11-2021 00:00,"54,657.80","4,98,870","29,65,378.40","1,62,08,09,16,553.30","1,821"
29-11-2021 00:00,"57,645.30","6,28,457","37,94,952.40","2,18,76,11,08,756.40","2,958"
30-11-2021 00:00,"57,366.20","5,70,326","39,01,951.30","2,23,84,02,67,477.70","3,184"
01-12-2021 00:00,"57,390.70","6,25,202","33,74,220.90","1,93,64,87,61,331","2,849"
02-12-2021 00:00,"56,697","8,04,621","34,83,196.30","1,97,48,69,09,677","2,446"
03-12-2021 00:00,"55,931","6,05,814","31,03,884.20","1,73,60,32,20,133.40","2,383"
04-12-2021 00:00,"49,192.30","5,67,551","39,79,954.10","1,95,78,32,62,652.60","4,203"
05-12-2021 00:00,"49,214.40","6,41,512","26,05,171.90","1,28,21,19,39,227.90","2,941"
06-12-2021 00:00,"48,895.60","6,72,239","50,39,112.40","2,46,39,05,58,538.30","4,055"
07-12-2021 00:00,"51,078.80","6,00,866","48,35,486","2,46,99,09,30,986.30","3,323"
08-12-2021 00:00,"50,346.70","5,90,324","39,49,146.70","1,98,82,64,66,982.10","2,508"
09-12-2021 00:00,"49,119.50","7,51,614","27,23,505.50","1,33,77,73,63,220.30","2,089"
10-12-2021 00:00,"48,257.60","5,29,980","26,55,078.10","1,28,12,77,57,650.20","2,002"
11-12-2021 00:00,"48,485.80","4,74,703","23,32,677.80","1,13,10,16,95,381.10","1,873"
12-12-2021 00:00,"49,591.80","3,87,512","19,90,036.40","98,68,95,73,287.20","1,380"
13-12-2021 00:00,"48,297.90","6,12,387","26,40,865.90","1,27,54,83,39,507.10","2,219"
14-12-2021 00:00,"47,238.30","6,02,119","85,36,672","4,03,25,76,89,846","2,849"
15-12-2021 00:00,"48,155.20","6,81,152","35,98,694.90","1,73,29,59,05,296.90","2,292"
16-12-2021 00:00,"48,639.20","4,92,412","31,43,071.30","1,52,87,63,95,251.70","2,220"
17-12-2021 00:00,"47,121.50","6,32,348","27,28,939.40","1,28,59,18,51,837","2,859"
18-12-2021 00:00,"46,667.50","5,39,492","25,40,071","1,18,53,88,12,777.40","1,582"
19-12-2021 00:00,"47,228","4,04,986","21,32,755.80","1,00,72,57,83,796.40","1,051"
20-12-2021 00:00,"46,461.70","6,26,491","26,34,318.50","1,22,39,50,36,035.50","1,583"
21-12-2021 00:00,"48,425.50","6,07,384","23,78,508","1,15,18,04,15,862.20","1,995"
22-12-2021 00:00,"49,041.10","6,20,545","28,70,485","1,40,77,16,27,355.40","2,701"
23-12-2021 00:00,"49,135.60","5,94,192","28,81,958.70","1,41,60,66,37,404.70","2,282"
24-12-2021 00:00,"51,101.60","6,28,470","25,22,223.10","1,28,88,97,16,154.10","2,397"
25-12-2021 00:00,"50,923.30","5,72,532","21,70,002.80","1,10,50,36,05,501.50","1,700"
26-12-2021 00:00,"50,229.40","4,51,740","22,49,554.70","1,12,99,38,87,393.60","1,735"
27-12-2021 00:00,"51,090.30","6,34,302","28,16,863.30","1,43,91,42,53,359.60","2,997"
28-12-2021 00:00,"48,926.40","6,57,226","29,27,783.70","1,43,24,58,60,074.70","3,026"
29-12-2021 00:00,"47,638.60","7,24,932","31,58,620.40","1,50,47,21,07,412","2,453"
30-12-2021 00:00,"47,155.40","5,99,859","28,29,176.30","1,33,41,08,04,571.40","2,903"
31-12-2021 00:00,"47,349.50","7,54,106","28,58,043.90","1,35,32,69,33,224.50","2,358"
01-01-2022 00:00,"47,157.80","4,21,547","20,87,640.50","98,44,85,31,361.60","1,301"
02-01-2022 00:00,"47,315.50","4,46,070","20,43,429.90","96,68,58,99,801.70","2,071"
03-01-2022 00:00,"46,900.50","6,02,148","31,44,776.10","1,47,49,16,44,656.80","3,934"
04-01-2022 00:00,"46,514.40","6,00,773","28,69,321.90","1,33,46,47,68,431.80","2,983"
05-01-2022 00:00,"46,022.20","6,61,581","36,96,255.90","1,70,10,96,70,081.10","2,175"
06-01-2022 00:00,"43,149.60","6,33,947","34,35,353.50","1,48,23,42,33,744.80","2,730"
07-01-2022 00:00,"42,062.20","6,31,472","32,88,188.30","1,38,30,85,26,852.60","3,014"
08-01-2022 00:00,"41,756.90","5,02,763","25,74,002.50","1,07,48,24,48,305.80","2,041"
09-01-2022 00:00,"41,953.90","4,58,047","24,11,271.10","1,01,16,22,14,886.80","1,518"
10-01-2022 00:00,"41,646.40","6,48,174","31,04,212.10","1,29,27,93,99,851.70","2,595"
11-01-2022 00:00,"42,252.70","6,25,428","70,21,792.40","2,96,68,97,50,882.30","2,488"
12-01-2022 00:00,"43,256.30","6,49,906","43,59,971.60","1,88,59,63,31,724.80","2,713"
13-01-2022 00:00,"43,493.90","5,98,555","39,83,283","1,73,24,86,21,528.10","2,379"
14-01-2022 00:00,"42,818.90","6,54,036","35,58,539.80","1,52,37,26,39,708.10","1,989"
15-01-2022 00:00,"43,198.30","4,87,675","37,10,168.30","1,60,27,31,11,380.30","1,068"
16-01-2022 00:00,"43,153.70","4,50,272","35,40,222.30","1,52,77,37,85,916.20","1,070"
17-01-2022 00:00,"42,605.60","6,15,703","33,98,885","1,44,81,14,17,403.50","1,603"
18-01-2022 00:00,"41,981","5,87,296","40,32,846.30","1,69,30,29,10,247.80","1,728"
19-01-2022 00:00,"41,964.50","6,27,691","34,22,377.60","1,43,61,84,26,327.40","1,528"
20-01-2022 00:00,"42,291","6,04,440","32,10,786","1,35,78,73,34,390.60","1,401"
21-01-2022 00:00,"38,765.80","6,30,065","47,96,361.70","1,85,93,45,98,492.50","3,617"
22-01-2022 00:00,"35,591.40","6,71,382","60,31,424.20","2,14,66,70,67,728.50","3,140"
23-01-2022 00:00,"35,495.40","4,54,461","54,70,323","1,94,17,14,84,917.80","2,016"
24-01-2022 00:00,"35,171.30","6,34,241","63,44,786.10","2,23,15,46,55,181.70","2,964"
25-01-2022 00:00,"36,563.10","5,39,541","53,54,942.80","1,95,79,31,87,388.40","2,853"
26-01-2022 00:00,"37,587.70","5,55,001","38,00,986.70","1,42,87,03,92,655.10","2,806"
27-01-2022 00:00,"36,434.40","5,79,945","36,61,860.10","1,33,41,75,94,593.40","2,824"
28-01-2022 00:00,"37,121.50","5,83,144","39,38,906.80","1,46,21,81,46,935.30","2,785"
29-01-2022 00:00,"37,896.70","4,98,136","36,53,679.90","1,38,46,23,01,787","2,395"
30-01-2022 00:00,"38,017.10","4,88,274","34,94,008.60","1,32,83,21,62,057.70","1,747"
31-01-2022 00:00,"37,645.30","6,26,245","35,95,009","1,35,33,50,37,881.60","1,974"
01-02-2022 00:00,"38,637","7,06,998","35,48,587.10","1,37,10,68,98,134.80","2,258"
02-02-2022 00:00,"38,133","6,36,328","30,16,409.60","1,15,02,48,50,015.70","1,908"
03-02-2022 00:00,"36,882.40","6,06,693","33,02,343.40","1,21,79,83,71,105.50","1,993"
04-02-2022 00:00,"38,705.70","5,16,632","42,00,165.40","1,62,57,04,66,580.70","2,216"
05-02-2022 00:00,"41,588.60","5,96,662","32,43,826.80","1,34,90,62,39,785.50","1,871"
06-02-2022 00:00,"41,667.30","6,05,339","28,10,739.30","1,17,11,59,47,752.70","1,084"
07-02-2022 00:00,"43,180.80","5,71,410","43,66,809.40","1,88,56,22,89,731.30","2,736"
08-02-2022 00:00,"43,938.40","6,53,449","1,15,62,269.60","5,08,02,70,55,491.20","2,520"
09-02-2022 00:00,"44,014.90","6,46,153","50,29,557.30","2,21,37,55,56,298.30","1,730"
10-02-2022 00:00,"44,424.60","6,70,218","50,11,019.40","2,22,61,23,20,313.80","2,412"
11-02-2022 00:00,"43,258.70","6,08,697","35,78,083.10","1,54,78,33,77,783","1,667"
12-02-2022 00:00,"42,415.80","7,70,599","29,49,693.70","1,25,11,36,87,748.30",759
13-02-2022 00:00,"42,419.50","5,07,253","30,90,567.60","1,31,10,02,63,269.30",861
14-02-2022 00:00,"42,398.90","5,62,000","36,97,924.60","1,56,78,79,68,348.30","1,755"
15-02-2022 00:00,"43,989.40","6,69,400","31,38,052.10","1,38,04,09,87,788.60","1,760"
16-02-2022 00:00,"44,098","5,86,407","36,34,181.40","1,60,26,02,07,772.50","1,745"
17-02-2022 00:00,"42,748","5,70,781","33,87,978","1,44,82,94,27,007.50","1,972"
18-02-2022 00:00,"40,477.80","5,85,831","36,24,543.40","1,46,71,36,12,929.30","2,163"
19-02-2022 00:00,"40,134.50","5,54,950","29,94,567.60","1,20,18,55,90,227","1,348"
20-02-2022 00:00,"38,841.90","4,38,321","31,85,572","1,23,73,36,30,004.10","1,420"
21-02-2022 00:00,"38,576.80","5,25,844","46,98,250.50","1,81,24,33,54,262.60","2,339"
22-02-2022 00:00,"37,461.40","5,56,987","44,75,740.70","1,67,66,74,02,652.60","2,624"
23-02-2022 00:00,"38,287","5,47,988","33,22,306.70","1,27,20,11,97,390","2,019"
24-02-2022 00:00,"36,183","5,91,678","39,07,872.80","1,41,39,83,82,595.40","2,760"
25-02-2022 00:00,"38,888.20","5,82,434","39,93,733.30","1,55,30,92,56,701","2,438"
26-02-2022 00:00,"39,296.90","5,08,930","28,94,038.90","1,13,72,67,16,631.10","1,435"
27-02-2022 00:00,"38,793.40","4,65,659","26,82,080.20","1,04,04,69,94,231.10","1,417"
28-02-2022 00:00,"39,420.80","5,85,520","39,95,176.10","1,57,49,32,03,661.10","2,753"
01-03-2022 00:00,"43,679.90","6,48,182","46,54,257.70","2,03,29,75,70,605.80","3,156"
02-03-2022 00:00,"44,087.60","7,05,776","33,29,897.90","1,46,80,70,78,266.80","2,838"
03-03-2022 00:00,"43,197","6,52,041","36,48,018.10","1,57,58,33,88,499.20","2,113"
04-03-2022 00:00,"41,021.30","6,03,434","32,82,258.20","1,34,64,24,57,524.30","3,026"
05-03-2022 00:00,"39,188","4,88,020","23,67,026.90","92,75,91,54,125","2,330"
06-03-2022 00:00,"39,091.10","4,74,862","25,07,704.30","98,02,90,12,191.30","1,557"
07-03-2022 00:00,"38,359.30","5,91,661","32,15,912.10","1,23,36,00,57,169.70","2,055"
08-03-2022 00:00,"38,658.20","6,05,475","85,69,546.50","3,31,28,33,22,234.20","2,231"
09-03-2022 00:00,"41,551","5,60,677","72,00,041.50","2,99,16,88,05,460","3,015"
10-03-2022 00:00,"39,698.90","6,64,639","45,90,898.50","1,82,25,36,55,430.80","2,426"
11-03-2022 00:00,"39,024.10","5,61,420","38,35,483.40","1,49,67,62,81,725.20","2,242"
12-03-2022 00:00,"39,177","4,87,156","31,97,634.60","1,25,27,35,76,542.70","1,239"
13-03-2022 00:00,"38,964","4,67,118","32,67,494.90","1,27,31,47,83,333.90","1,255"
14-03-2022 00:00,"38,748.50","5,87,403","40,96,188.60","1,58,72,11,64,670.70","2,346"
15-03-2022 00:00,"39,079","5,70,550","34,06,614.50","1,33,12,70,13,112","2,393"
16-03-2022 00:00,"40,247.40","6,25,942","38,85,634.80","1,56,38,65,98,370.10","2,522"
17-03-2022 00:00,"40,986.70","6,19,242","38,16,941.80","1,56,44,37,48,204.40","2,480"
18-03-2022 00:00,"40,985.70","5,74,501","30,91,455.70","1,26,70,54,85,175.60","2,435"
19-03-2022 00:00,"41,804.30","5,53,734","34,06,333.90","1,42,39,93,01,552.50","1,928"
20-03-2022 00:00,"41,679.40","4,65,014","22,68,785","94,56,16,14,080.90","1,365"
21-03-2022 00:00,"41,139.30","5,91,946","41,88,602.30","1,72,31,61,50,574.10","2,559"
22-03-2022 00:00,"42,474.60","5,71,084","32,93,442.20","1,39,88,76,45,573.60","2,590"
23-03-2022 00:00,"42,283.70","6,25,324","30,26,919.20","1,27,98,94,49,472.50","2,262"
24-03-2022 00:00,"43,295.80","5,96,208","32,70,463.80","1,41,59,74,38,519.40","2,971"
25-03-2022 00:00,"44,274.50","6,87,695","39,44,944.80","1,74,66,02,74,122.80","3,452"
26-03-2022 00:00,"44,406.70","4,95,568","30,86,296.70","1,37,05,24,03,200","1,994"
27-03-2022 00:00,"44,934.30","4,75,792","30,73,736.60","1,38,11,61,53,544.60","1,999"
28-03-2022 00:00,"47,265.70","6,78,851","43,57,433","2,05,95,70,02,706.40","3,258"
29-03-2022 00:00,"47,533.20","5,91,709","41,11,117.40","1,95,41,45,49,561.10","2,504"
30-03-2022 00:00,"47,247.20","5,83,515","33,75,637.10","1,59,48,93,07,584.60","2,504"
31-03-2022 00:00,"46,702.60","5,72,802","36,02,335.50","1,68,23,85,05,945.90","2,573"
01-04-2022 00:00,"45,567.10","6,25,744","31,15,735.40","1,41,97,51,68,196.40","3,161"
02-04-2022 00:00,"46,483.70","5,79,167","37,62,548.40","1,74,89,69,87,587","2,335"
03-04-2022 00:00,"46,361.30","4,91,900","26,90,352.90","1,24,72,82,72,392.80","1,439"
04-04-2022 00:00,"46,095.50","6,11,373","32,19,461.80","1,48,40,26,92,703.90","1,862"
05-04-2022 00:00,"46,413.60","5,69,498","73,94,046.40","3,43,18,41,27,131.20","2,701"
06-04-2022 00:00,"44,695.70","6,10,003","59,98,964.40","2,68,12,76,87,431.90","3,262"
07-04-2022 00:00,"43,553.30","5,72,529","52,18,418.90","2,27,27,94,59,235.70","2,911"
08-04-2022 00:00,"43,422.10","5,48,284","46,50,253.10","2,01,92,38,33,556.50","3,014"
09-04-2022 00:00,"42,518.10","5,07,287","30,77,232.20","1,30,83,79,72,034","1,644"
10-04-2022 00:00,"42,821","4,54,452","31,86,140.40","1,36,43,38,31,337.80","1,543"
11-04-2022 00:00,"41,335.90","6,05,345","54,47,112.90","2,25,16,15,05,422.60","3,024"
12-04-2022 00:00,"40,003.10","6,37,108","47,45,918.70","1,89,85,16,49,115.10","3,192"
13-04-2022 00:00,"40,526","5,99,262","48,23,683.40","1,95,48,44,49,363.20","2,831"
14-04-2022 00:00,"40,792.60","5,34,188","52,11,641.50","2,12,59,66,46,415.10","3,231"
15-04-2022 00:00,"40,303.50","5,49,915","39,04,194.30","1,57,35,27,35,065.80","3,214"
16-04-2022 00:00,"40,499.70","4,55,570","29,98,382.70","1,21,43,37,41,566.80","2,241"
17-04-2022 00:00,"40,421.10","4,36,164","31,46,261.70","1,27,17,53,30,843.80","1,797"
18-04-2022 00:00,"39,736.90","6,08,770","51,29,821.40","2,03,84,32,77,007.10","3,047"
19-04-2022 00:00,"41,074.90","5,68,147","46,86,039.80","1,92,47,84,11,844.80","2,968"
20-04-2022 00:00,"41,483.50","6,00,899","39,46,045.10","1,63,69,59,11,728.90","2,597"
21-04-2022 00:00,"41,723","6,19,790","51,68,179.50","2,15,63,21,61,353.20","2,862"
22-04-2022 00:00,"40,190.60","5,97,752","52,07,020.30","2,09,27,33,02,709.60","2,788"
23-04-2022 00:00,"39,704.40","5,49,056","44,87,344.30","1,78,16,73,68,604.10","1,869"
24-04-2022 00:00,"39,715.80","5,15,527","50,82,405.90","2,01,85,19,00,238.40","1,988"
25-04-2022 00:00,"39,271.70","6,63,634","77,68,101.90","3,05,06,69,01,856.20","3,249"
26-04-2022 00:00,"39,686.10","5,69,745","72,63,129","2,88,24,49,58,728.60","3,238"
27-04-2022 00:00,"38,825.50","6,08,087","65,18,586.60","2,53,08,75,73,354.70","3,105"
28-04-2022 00:00,"39,636.20","6,51,573","66,43,915","2,63,33,98,18,404.70","3,066"
29-04-2022 00:00,"39,160.70","7,13,441","50,65,039.30","1,98,35,03,69,761.80","2,764"
30-04-2022 00:00,"38,591.90","6,19,464","35,30,312.70","1,36,24,16,06,975.60","1,815"
01-05-2022 00:00,"38,115.20","5,05,806","37,88,533.90","1,44,40,06,13,677.10","1,989"
02-05-2022 00:00,"38,741.40","5,98,076","60,67,139.40","2,35,04,97,56,976.50","2,490"
03-05-2022 00:00,"38,310.90","5,65,135","85,14,244.10","3,26,18,85,33,271.50","2,401"
04-05-2022 00:00,"38,854.50","5,18,135","60,20,408.10","2,33,91,98,50,983.80","2,495"
05-05-2022 00:00,"38,513","7,27,594","96,77,414.90","3,72,70,66,06,122.90","3,663"
06-05-2022 00:00,"36,197.90","6,91,763","81,14,610.30","2,93,73,18,42,585.10","3,615"
07-05-2022 00:00,"35,910.20","4,86,577","40,51,709.90","1,45,49,77,94,614.50","2,054"
08-05-2022 00:00,"34,621.40","5,28,459","48,20,797.90","1,66,90,29,94,196.50","2,606"
09-05-2022 00:00,"32,741","6,46,934","75,28,818.20","2,46,50,07,33,854.20","4,306"
10-05-2022 00:00,"31,387.20","5,85,999","81,62,705.60","2,56,20,46,84,412.40","5,538"
11-05-2022 00:00,"30,631.90","5,87,841","68,74,920","2,10,59,19,54,524.80","5,341"
12-05-2022 00:00,"28,459.50","5,76,095","95,18,389.50","2,70,88,83,88,136","7,629"
13-05-2022 00:00,"30,203.20","5,99,129","63,15,681.30","1,90,75,39,65,495.50","4,944"
14-05-2022 00:00,"29,427.30","7,16,662","42,77,492","1,25,87,48,57,307.40","3,710"
15-05-2022 00:00,"30,141.30","6,92,954","24,48,084.40","73,78,84,17,454.20","3,098"
16-05-2022 00:00,"30,008.60","7,58,559","41,88,067.60","1,25,67,79,21,628.30","4,988"
17-05-2022 00:00,"30,304.50","6,78,044","36,76,602.20","1,11,41,77,18,132","4,602"
18-05-2022 00:00,"29,640.90","5,86,703","26,34,299.20","78,08,30,97,863","4,322"
19-05-2022 00:00,"29,562.50","5,69,716","24,56,960.30","72,63,38,43,021.90","4,149"
20-05-2022 00:00,"29,848.70","6,08,406","21,43,146.80","63,97,00,48,064.30","3,911"
21-05-2022 00:00,"29,359.80","4,96,287","12,84,021.90","37,69,85,87,407.50","1,936"
22-05-2022 00:00,"29,805.20","4,65,087","9,49,681.90","28,30,54,24,716.70","1,820"
23-05-2022 00:00,"30,117.60","6,10,162","17,69,684.80","53,29,86,96,218.60","2,703"
24-05-2022 00:00,"29,318","5,13,901","22,72,529.20","66,62,60,26,823.10","3,324"
25-05-2022 00:00,"29,765.30","6,90,924","16,05,848.20","47,79,86,21,126.40","2,528"
26-05-2022 00:00,"29,468.40","6,05,250","19,86,572.80","58,54,10,37,539.30","2,623"
27-05-2022 00:00,"28,940.70","5,99,395","24,85,118.70","71,92,10,80,442.40","3,593"
28-05-2022 00:00,"28,908.60","5,11,264","13,04,873.20","37,72,20,37,669.10","2,571"
29-05-2022 00:00,"29,186.70","4,91,353","12,70,914","37,09,37,97,744.80","2,018"
30-05-2022 00:00,"30,615.10","6,34,567","19,20,406.90","58,79,35,10,710.90","2,882"
31-05-2022 00:00,"31,720.40","6,61,785","41,48,855.80","1,31,60,35,45,022.60","3,225"
01-06-2022 00:00,"31,110","6,08,793","31,81,132.20","98,96,50,51,554.70","3,451"
02-06-2022 00:00,"30,057.80","6,26,889","19,43,317.70","58,41,19,22,541.10","2,918"
03-06-2022 00:00,"30,022.20","6,19,354","16,97,232.90","50,95,47,01,230","2,618"
04-06-2022 00:00,"29,729.40","5,00,400","10,78,785.90","32,07,16,30,437","1,501"
05-06-2022 00:00,"29,836.10","4,71,462","13,05,582.70","38,95,35,01,096.30","1,005"
06-06-2022 00:00,"31,229.80","6,37,967","19,11,385.30","59,69,21,05,078.80","1,958"
07-06-2022 00:00,"30,034.50","6,42,938","21,64,922.80","65,02,24,24,206.20","2,763"
08-06-2022 00:00,"30,498.80","5,90,781","15,73,778.80","47,99,84,37,512.80","2,491"
09-06-2022 00:00,"30,263.20","6,11,317","13,49,528","40,84,10,85,833.80","2,293"
10-06-2022 00:00,"29,683.50","5,85,277","20,88,984","62,00,83,36,471.80","2,706"
11-06-2022 00:00,"28,906.70","5,44,232","19,12,716.70","55,29,03,87,558","2,976"
12-06-2022 00:00,"27,684.50","4,82,916","20,50,693.90","56,77,25,23,009.20","2,371"
13-06-2022 00:00,"24,285.50","5,76,075","74,73,875.70","1,81,50,67,55,738.30","6,488"
14-06-2022 00:00,"22,196.80","7,00,299","1,32,85,309","2,94,89,06,96,866.90","6,656"
15-06-2022 00:00,"21,384.20","6,75,646","1,72,64,960.60","3,69,19,76,01,171.10","6,597"
16-06-2022 00:00,"21,465.50","5,44,891","1,31,21,195.10","2,81,65,28,48,459.50","5,373"
17-06-2022 00:00,"20,725.30","5,52,489","1,13,77,963.40","2,35,81,14,34,193.50","4,987"
18-06-2022 00:00,"19,369.60","6,17,565","1,01,79,840.60","1,97,17,96,03,594.30","5,576"
19-06-2022 00:00,"19,303.20","4,67,424","47,83,058.40","92,32,82,39,169.70","3,493"
20-06-2022 00:00,"20,314.60","4,96,845","40,92,298.90","83,13,33,97,282.60","3,144"
21-06-2022 00:00,"21,025.90","6,14,262","38,29,498.20","80,51,87,66,795","3,469"
22-06-2022 00:00,"20,340.40","5,75,822","29,14,076.80","59,27,34,66,909.80","3,316"
23-06-2022 00:00,"20,539.40","5,31,531","26,11,837.80","53,64,55,80,528","3,031"
24-06-2022 00:00,"21,105","5,69,657","33,41,153.70","70,51,49,72,377.60","3,391"
25-06-2022 00:00,"21,283.10","4,59,223","15,04,233.70","32,01,47,59,500.60","1,804"
26-06-2022 00:00,"21,381.50","4,33,933","11,33,728.10","24,24,08,32,968","1,340"
27-06-2022 00:00,"21,068.20","6,87,977","26,78,168","56,42,42,13,849","2,703"
28-06-2022 00:00,"20,725.10","5,98,128","36,91,082.60","76,49,78,88,768.30","3,069"
29-06-2022 00:00,"20,170.20","6,11,008","43,26,649.70","87,26,93,73,222.90","3,664"
30-06-2022 00:00,"19,365.80","6,10,798","43,97,128.80","85,15,38,55,589.70","3,922"
01-07-2022 00:00,"19,556.50","5,56,200","46,56,007.90","91,05,52,10,857.70","3,742"
02-07-2022 00:00,"19,248.80","5,25,399","30,38,504.70","58,48,76,60,029","2,728"
03-07-2022 00:00,"19,186.40","4,59,562","30,93,320.60","59,34,98,31,856.70","2,558"
04-07-2022 00:00,"19,525.40","5,78,980","33,38,367.20","65,18,28,19,036.40","2,761"
05-07-2022 00:00,"20,016.10","5,32,724","33,32,989.60","66,71,35,82,308.40","3,174"
06-07-2022 00:00,"20,192.10","6,21,316","30,27,054.70","61,12,25,90,322.50","3,183"
07-07-2022 00:00,"20,797.30","6,90,372","23,10,196.40","48,04,58,52,905.20","2,848"
08-07-2022 00:00,"21,774.30","5,99,232","34,35,171.50","74,79,84,15,350.90","3,335"
09-07-2022 00:00,"21,638.80","5,06,846","21,43,751.70","46,38,82,89,791.70","2,007"
10-07-2022 00:00,"21,159.40","4,50,752","15,83,958","33,51,55,63,562.20","1,620"
11-07-2022 00:00,"20,495.90","5,20,685","43,76,014.10","89,69,01,52,991.30","3,048"
12-07-2022 00:00,"19,782","6,39,797","43,04,888","85,15,91,29,059.30","3,400"
13-07-2022 00:00,"19,627.70","4,43,353","50,36,118.90","98,84,71,81,986.20","3,101"
14-07-2022 00:00,"20,194.90","6,18,390","28,37,028.30","57,29,35,43,992.50","2,489"
15-07-2022 00:00,"20,795.50","6,36,764","33,18,992.60","69,01,99,63,346.50","3,153"
16-07-2022 00:00,"20,881.30","4,94,577","24,80,683.70","51,79,99,40,491.30","2,111"
17-07-2022 00:00,"21,235.50","4,63,001","14,60,247.90","31,00,91,65,577.30","1,411"
18-07-2022 00:00,"21,813.20","5,19,633","29,87,719.10","65,17,17,67,038.10","2,724"
19-07-2022 00:00,"22,528.20","6,90,380","29,56,831.40","66,61,19,70,667.90","3,106"
20-07-2022 00:00,"23,578.30","5,93,789","22,41,747.80","52,85,65,47,755.80","3,304"
21-07-2022 00:00,"22,953.10","6,58,421","34,53,160.90","79,26,05,98,254.40","2,989"
22-07-2022 00:00,"23,160.60","5,25,487","29,32,612.70","67,92,11,12,877.30","2,884"
23-07-2022 00:00,"22,537.30","5,11,537","24,14,058.80","54,40,64,07,307.30","2,058"
24-07-2022 00:00,"22,673.10","4,68,712","14,88,632.80","33,75,18,67,793.70","1,415"
25-07-2022 00:00,"21,976.10","5,98,510","34,78,555.40","76,44,50,81,733.30","2,939"
26-07-2022 00:00,"21,054.70","6,51,045","49,35,623.10","1,03,91,82,15,300.10","3,503"
27-07-2022 00:00,"21,670","5,71,037","34,66,034.40","75,10,89,94,455.80","3,501"
28-07-2022 00:00,"23,330.80","6,89,742","28,59,195","66,70,73,61,663.60","3,123"
29-07-2022 00:00,"23,915.80","6,24,609","31,11,459.10","74,41,29,98,928.90","3,156"
30-07-2022 00:00,"24,056.10","5,07,131","15,60,024","37,52,80,29,664.30","2,061"
31-07-2022 00:00,"23,755.50","4,91,954","13,36,830.80","31,75,70,84,997.60","1,588"
01-08-2022 00:00,"23,262","6,14,158","31,43,507.10","73,12,44,07,976.80","2,935"
02-08-2022 00:00,"23,012.30","6,19,778","35,00,478.70","80,55,41,69,119.30","2,794"
03-08-2022 00:00,"23,206.30","6,32,137","40,29,131.60","93,50,14,12,621.10","3,224"
04-08-2022 00:00,"22,883.20","6,00,020","33,94,584.60","77,67,90,73,308","3,098"
05-08-2022 00:00,"23,103.70","5,91,192","41,22,061.30","95,23,50,41,914.80","3,107"
06-08-2022 00:00,"23,217.80","5,97,002","21,25,318.80","49,34,51,41,270.50","1,816"
07-08-2022 00:00,"23,111.90","4,47,339","10,29,840.40","23,80,15,15,835.50","1,045"
08-08-2022 00:00,"23,812.40","5,80,954","52,59,008.50","1,25,22,95,54,555.90","3,304"
09-08-2022 00:00,"23,470.50","6,39,749","36,79,098.80","86,35,01,06,596.60","2,980"
10-08-2022 00:00,"23,435.70","7,17,561","44,26,563.90","1,03,73,95,36,677.90","3,404"
11-08-2022 00:00,"24,397.30","6,54,595","35,12,920.40","85,70,58,09,027.30","3,496"
12-08-2022 00:00,"24,016.30","6,10,577","22,65,821.90","54,41,66,77,777","2,670"
13-08-2022 00:00,"24,563.70","5,20,923","15,05,649.10","36,98,42,82,583.30","1,744"
14-08-2022 00:00,"24,533.30","5,44,909","10,00,498.70","24,54,55,42,481.50","1,386"
15-08-2022 00:00,"24,299","6,11,031","31,43,439.40","76,38,23,74,607.50","2,841"
16-08-2022 00:00,"24,007.20","6,85,728","30,07,725.70","72,20,69,51,243.10","3,000"
17-08-2022 00:00,"23,741.40","5,52,883","31,63,390.70","75,10,34,54,178.90","2,838"
18-08-2022 00:00,"23,449.40","6,94,042","21,37,877.80","50,13,19,89,067.30","2,444"
19-08-2022 00:00,"21,886.30","6,44,734","42,18,519.60","92,32,76,13,737.70","3,524"
20-08-2022 00:00,"21,196","5,45,502","40,06,887.90","84,92,98,64,018.90","2,349"
21-08-2022 00:00,"21,391.30","4,94,854","20,16,113.50","43,12,72,53,937.80","1,467"
22-08-2022 00:00,"21,295.10","5,67,032","48,45,589.50","1,03,18,72,16,142.50","2,854"
23-08-2022 00:00,"21,418.70","6,43,399","48,64,578.80","1,04,19,30,54,186.40","2,898"
24-08-2022 00:00,"21,493.70","5,94,661","33,21,964.10","71,40,13,13,584.70","2,589"
25-08-2022 00:00,"21,617.90","5,98,076","29,43,485.60","63,63,19,36,236","2,684"
26-08-2022 00:00,"21,203.80","6,27,518","25,85,799.10","54,82,86,40,915.80","2,192"
27-08-2022 00:00,"20,145.90","5,45,250","27,49,670.30","55,39,45,64,031.40","2,291"
28-08-2022 00:00,"20,037.70","4,93,310","15,65,703.50","31,37,30,23,480.80","1,255"
29-08-2022 00:00,"20,001.50","6,35,380","34,03,116.20","68,06,73,66,946.60","2,659"
30-08-2022 00:00,"20,168","6,16,816","31,68,067.90","63,89,37,07,958.90","2,908"
31-08-2022 00:00,"20,222.20","5,99,655","39,46,024.40","79,79,73,87,995.10","2,910"
01-09-2022 00:00,"19,992.30","6,12,713","38,82,153.20","77,61,31,75,811","3,064"
02-09-2022 00:00,"20,115","6,02,743","36,22,051.20","72,85,74,22,054.30","3,044"
03-09-2022 00:00,"19,881.30","6,27,023","17,18,025.80","34,15,66,70,864.10","1,787"
04-09-2022 00:00,"19,834.60","5,11,156","23,29,457.90","46,20,38,28,323.70","1,654"
05-09-2022 00:00,"19,815","6,51,383","40,83,042.10","80,90,56,79,497.70","2,417"
06-09-2022 00:00,"19,636.10","6,34,421","61,00,369.70","1,19,78,76,58,639.30","3,821"
07-09-2022 00:00,"18,924.50","6,58,695","54,22,892","1,02,62,57,62,372.80","3,985"
08-09-2022 00:00,"19,270","6,24,884","46,02,757","88,69,53,11,035.60","3,198"
09-09-2022 00:00,"20,725.30","6,76,380","38,07,591.50","78,91,34,93,622.60","3,290"
10-09-2022 00:00,"21,396.80","5,84,335","20,77,227.90","44,44,60,39,564.50","2,281"
11-09-2022 00:00,"21,613.50","5,89,467","10,64,399.40","23,00,53,58,141.50","1,553"
12-09-2022 00:00,"22,126.40","7,15,417","21,08,637","46,65,65,62,355.80","2,980"
13-09-2022 00:00,"21,556.30","6,07,422","25,18,498.50","54,28,94,85,702.90","3,000"
14-09-2022 00:00,"20,238","6,82,896","42,46,478","85,94,03,29,576.20","3,285"
15-09-2022 00:00,"20,015.70","6,48,166","37,48,566.40","75,03,00,25,208.70","3,170"
16-09-2022 00:00,"19,726.30","5,56,551","28,01,917.60","55,27,14,53,397.60","2,719"
17-09-2022 00:00,"19,966.80","6,03,406","16,05,410.40","32,05,48,92,401.60","1,622"
18-09-2022 00:00,"19,889.10","5,00,448","17,27,822.20","34,36,47,55,563","1,451"
19-09-2022 00:00,"19,023.80","6,02,940","44,78,592.70","85,19,96,97,369.90","3,548"
20-09-2022 00:00,"19,204.70","6,70,205","41,51,318.60","79,72,50,27,870.80","2,925"
21-09-2022 00:00,"19,028.40","6,02,571","43,26,813.50","82,33,22,73,548.10","3,269"
22-09-2022 00:00,"18,989","5,64,057","31,44,279.10","59,70,65,77,271","2,770"
23-09-2022 00:00,"19,078.20","6,71,865","25,51,147.90","48,67,12,95,728.50","2,755"
24-09-2022 00:00,"19,096.70","5,18,139","13,37,519.90","25,54,21,98,340.10","1,673"
25-09-2022 00:00,"19,003.90","4,95,649","15,98,665.90","30,38,08,56,371.70","1,498"
26-09-2022 00:00,"19,029.20","6,44,626","27,72,588.80","52,76,01,58,231","2,791"
27-09-2022 00:00,"19,751.40","6,57,330","24,87,397.30","49,12,95,07,745.50","3,043"
28-09-2022 00:00,"19,123.30","5,71,656","29,37,458.60","56,17,38,70,258.40","3,010"
29-09-2022 00:00,"19,408","5,79,322","24,46,445.50","47,48,06,71,855.70","2,828"
30-09-2022 00:00,"19,535.30","6,59,683","22,85,583.70","44,64,96,42,027.20","2,880"
01-10-2022 00:00,"19,339.50","5,98,357","12,15,935.40","23,51,55,42,656","2,140"
02-10-2022 00:00,"19,246.60","5,88,751","9,84,409.40","18,94,64,92,925.30","1,190"
03-10-2022 00:00,"19,327.90","7,04,914","21,35,250.60","41,26,98,63,158.40","2,573"
04-10-2022 00:00,"19,942.70","6,55,254","21,85,485.50","43,58,44,11,826.80","2,787"
05-10-2022 00:00,"20,137.70","5,95,447","18,16,801.30","36,58,62,84,324.70","2,335"
06-10-2022 00:00,"20,168.50","6,41,854","13,81,153.20","27,85,57,29,431.90","2,027"
07-10-2022 00:00,"19,791.70","6,24,740","14,57,329.60","28,84,30,40,462.70","2,013"
08-10-2022 00:00,"19,512.10","4,97,839","12,04,932.20","23,51,07,46,512.30","1,335"
09-10-2022 00:00,"19,458.10","4,91,069","13,16,807.80","25,62,25,14,847","1,383"
10-10-2022 00:00,"19,340.40","6,58,034","20,46,734.70","39,58,46,70,186.70","2,167"
11-10-2022 00:00,"19,088.40","5,92,581","23,62,445.60","45,09,52,82,342.40","2,287"
12-10-2022 00:00,"19,136.70","5,68,297","20,98,883.70","40,16,57,00,918.20","2,146"
13-10-2022 00:00,"19,050.60","6,27,698","24,08,179.10","45,87,73,73,714.20","2,840"
14-10-2022 00:00,"19,530.10","6,29,994","16,60,480.80","32,42,93,63,037.90","2,669"
15-10-2022 00:00,"19,159.50","5,52,313","6,21,126.20","11,90,04,48,028.20","1,140"
16-10-2022 00:00,"19,183.60","4,71,661","5,94,201.20","11,39,88,97,071",945
17-10-2022 00:00,"19,408.80","6,03,583","12,36,996.60","24,00,86,73,566.20","1,640"
18-10-2022 00:00,"19,489.30","5,56,008","19,45,513.30","37,91,66,25,334.50","2,121"
19-10-2022 00:00,"19,241.60","6,25,449","20,17,799.70","38,82,56,70,951.90","2,307"
20-10-2022 00:00,"19,137.70","5,88,690","14,80,826.20","28,33,95,51,737.70","1,748"
21-10-2022 00:00,"19,086.40","6,14,978","15,89,921.70","30,34,59,36,636.50","2,018"
22-10-2022 00:00,"19,183.70","5,27,425","10,51,477.10","20,17,12,25,802.60","1,366"
23-10-2022 00:00,"19,271.60","5,05,314","10,70,094.20","20,62,24,34,667.60","1,177"
24-10-2022 00:00,"19,362.10","6,24,797","15,62,982.10","30,26,25,41,427.30","1,944"
25-10-2022 00:00,"19,602.90","4,91,273","15,93,168.90","31,23,07,57,975.80","2,050"
26-10-2022 00:00,"20,538.60","7,16,874","22,17,315.20","45,54,06,21,707.30","2,463"
27-10-2022 00:00,"20,638.70","6,01,299","23,31,301.40","48,11,49,34,685.20","2,349"
28-10-2022 00:00,"20,395.70","6,48,435","14,87,053.70","30,32,94,55,430.60","1,872"
29-10-2022 00:00,"20,782.50","5,50,098","15,62,286.40","32,46,82,48,795.40","1,769"
30-10-2022 00:00,"20,723.90","5,36,575","10,59,339.80","21,95,36,84,069.20","1,324"
31-10-2022 00:00,"20,517.50","7,07,462","17,66,230.10","36,23,85,56,424.10","2,410"
01-11-2022 00:00,"20,511","6,70,833","17,98,594.90","36,89,09,05,288.80","2,515"
02-11-2022 00:00,"20,424.20","5,30,863","21,18,534","43,26,94,57,445.80","1,905"
03-11-2022 00:00,"20,262","6,45,222","30,83,750.50","62,48,28,76,117.80","2,528"
04-11-2022 00:00,"20,694.70","5,76,938","33,58,670.50","69,50,66,71,290.60","2,796"
05-11-2022 00:00,"21,337.40","6,36,065","16,36,047.40","34,90,89,89,887.10","1,765"
06-11-2022 00:00,"21,229.80","5,38,616","36,52,958.90","77,55,17,58,297.50","2,930"
07-11-2022 00:00,"20,793.60","6,16,197","35,55,151.20","73,92,43,98,914.80","2,574"
08-11-2022 00:00,"19,594.80","7,37,544","16,54,909.40","32,42,76,89,954.50","1,877"
09-11-2022 00:00,"17,563.80","6,67,293","31,50,191.60","55,32,93,29,534.10","3,661"
10-11-2022 00:00,"16,958.70","6,44,420","34,12,099.90","57,86,48,41,864.90","4,592"
11-11-2022 00:00,"17,128.40","6,05,045","36,07,011.80","61,78,24,93,068.20","3,713"
12-11-2022 00:00,"16,847.50","5,66,637","21,17,014.60","35,66,63,06,415.30","1,875"
13-11-2022 00:00,"16,670.30","5,41,829","29,92,749","49,88,98,91,364.20","2,049"
14-11-2022 00:00,"16,469.60","5,55,513","27,76,861.90","45,73,37,40,442","2,752"
15-11-2022 00:00,"16,834.60","6,10,700","22,60,935.30","38,06,19,53,960.20","2,542"
16-11-2022 00:00,"16,705","5,67,559","17,66,360.10","29,50,69,73,820.70","2,181"
17-11-2022 00:00,"16,611.10","4,93,379","12,15,456.30","20,19,00,40,079.90","1,837"
18-11-2022 00:00,"16,742.60","5,83,351","13,69,762.30","22,93,34,48,117.70","1,849"
19-11-2022 00:00,"16,650.40","7,66,915","8,15,424.40","13,57,71,03,694.20","1,293"
20-11-2022 00:00,"16,607.70","7,19,475","12,64,820.90","21,00,58,16,371.70","1,372"
21-11-2022 00:00,"16,041.80","6,67,119","13,16,978","21,12,66,43,427.80","1,587"
22-11-2022 00:00,"15,942.40","6,21,470","11,36,498.50","18,11,84,58,523.50","1,446"
23-11-2022 00:00,"16,468","6,68,744","8,59,077.50","14,14,73,07,781.90","1,254"
24-11-2022 00:00,"16,602.50","6,34,604","5,70,761.20","9,47,60,88,051",986
25-11-2022 00:00,"16,475.70","6,36,277","11,83,090.20","19,49,22,44,517.90","1,354"
26-11-2022 00:00,"16,554.30","5,76,290","5,25,127.70","8,69,31,14,074.60",915
27-11-2022 00:00,"16,548.30","5,59,736","4,18,937.50","6,93,26,82,933.30",855
28-11-2022 00:00,"16,222.10","6,54,630","6,18,126.70","10,02,73,05,490.70","1,204"
29-11-2022 00:00,"16,421.30","6,64,161","5,69,795.40","9,35,67,57,514","1,153"
30-11-2022 00:00,"16,903.20","6,25,996","4,97,895.60","8,41,60,48,653.60","1,174"
01-12-2022 00:00,"17,068.10","7,05,953","5,21,031.40","8,89,30,02,192.30","1,170"
02-12-2022 00:00,"16,974.50","6,07,324","4,68,409.60","7,95,10,08,262.50","1,002"
03-12-2022 00:00,"16,984.90","5,92,104","3,88,274.90","6,59,48,01,659.50",651
04-12-2022 00:00,"17,022.50","5,77,310","3,03,363.90","5,16,40,22,910.70",626
05-12-2022 00:00,"17,184.40","6,60,461","5,69,798.30","9,79,16,49,636.60","1,114"
06-12-2022 00:00,"17,010","6,36,218","4,62,891.50","7,87,37,96,630.80",893
07-12-2022 00:00,"16,893.30","6,51,996","5,46,186.50","9,22,68,89,923.90","1,222"
08-12-2022 00:00,"16,935.30","6,36,745","6,24,379.70","10,57,40,55,609.90","1,178"
09-12-2022 00:00,"17,205","6,38,425","5,24,120.20","9,01,74,80,636.70","1,419"
10-12-2022 00:00,"17,169.30","6,26,390","4,06,204.40","6,97,42,55,141.20","1,017"
11-12-2022 00:00,"17,171.50","4,88,901","3,65,833.10","6,28,19,15,288.90","1,011"
12-12-2022 00:00,"17,007.60","6,23,763","5,36,037.70","9,11,67,34,828.10","1,414"
13-12-2022 00:00,"17,462","6,47,186","8,70,440.10","15,19,95,87,729.80","2,151"
14-12-2022 00:00,"17,873.60","6,23,894","10,17,468.10","18,18,57,75,099.60","2,069"
15-12-2022 00:00,"17,592.70","6,08,602","7,06,856.90","12,43,55,37,428","1,431"
16-12-2022 00:00,"17,107.40","5,27,331","7,82,614","13,38,84,52,014.20","1,677"
17-12-2022 00:00,"16,707.10","6,49,302","4,77,951.80","7,98,51,79,132.30","1,364"
18-12-2022 00:00,"16,741.70","5,26,501","4,39,164.20","7,35,23,70,424.50","1,019"
19-12-2022 00:00,"16,688.20","6,94,236","7,19,194.80","12,00,20,48,336.80","1,533"
20-12-2022 00:00,"16,802","6,45,846","6,54,701.20","11,00,03,22,018.50","1,547"
21-12-2022 00:00,"16,848.10","6,42,542","5,38,823.30","9,07,81,23,532","1,090"
22-12-2022 00:00,"16,783.30","6,21,790","4,77,265.60","8,01,00,92,575.10",987
23-12-2022 00:00,"16,832.40","5,60,966","5,59,768.50","9,42,22,27,821.20","1,119"
24-12-2022 00:00,"16,840.90","4,49,676","3,86,738.50","6,51,30,30,459.80",858
25-12-2022 00:00,"16,824.30","5,04,409","3,47,447.40","5,84,55,49,164.70",788
26-12-2022 00:00,"16,852.10","5,30,524","4,17,993.10","7,04,40,53,136.90",940
27-12-2022 00:00,"16,808.90","5,61,236","4,69,632.80","7,89,40,24,872.10","1,055"
28-12-2022 00:00,"16,636.50","5,99,652","5,60,438.40","9,32,37,33,287.10","1,190"
29-12-2022 00:00,"16,580.50","6,72,303","5,37,770.10","8,91,64,87,704.60","1,065"
30-12-2022 00:00,"16,544.10","7,25,653","5,43,222","8,98,71,38,205.60","1,078"
31-12-2022 00:00,"16,569.10","5,52,817","3,69,736.10","6,12,61,95,638.40",827
01-01-2023 00:00,"16,554.90","4,68,398","3,49,145.60","5,78,00,84,880.90",880
02-01-2023 00:00,"16,682.60","5,80,846","4,19,522.70","6,99,87,13,240.30","1,058"
03-01-2023 00:00,"16,688.30","6,82,243","4,78,027","7,97,74,75,879.90","1,090"
04-01-2023 00:00,"16,828.70","6,34,509","4,64,354.30","7,81,44,98,629.20","1,011"
05-01-2023 00:00,"16,832.40","6,27,846","5,47,597.20","9,21,73,67,897.50","1,037"
06-01-2023 00:00,"16,827.10","6,20,325","6,99,577.80","11,77,18,95,577.70","1,198"
07-01-2023 00:00,"16,945.10","5,29,693","5,32,075.50","9,01,60,79,811.30","1,103"
08-01-2023 00:00,"16,951.10","5,06,185","5,13,538.20","8,70,50,54,489","1,339"
09-01-2023 00:00,"17,243.40","6,60,869","7,68,884.70","13,25,82,00,282","2,389"
10-01-2023 00:00,"17,295.20","8,33,411","6,64,672.90","11,49,56,80,890.10","2,274"
11-01-2023 00:00,"17,458.80","5,96,916","5,09,814.70","8,90,07,74,991.30","1,435"
12-01-2023 00:00,"18,328.50","6,89,994","7,40,102","13,56,49,43,303.10","1,744"
13-01-2023 00:00,"19,056","7,47,808","7,69,846.80","14,67,01,71,470.60","1,957"
14-01-2023 00:00,"20,796.80","6,81,252","6,41,631","13,34,38,90,660.50","2,194"
15-01-2023 00:00,"20,785.40","5,02,796","5,47,943.30","11,38,92,39,035.20","1,846"
16-01-2023 00:00,"21,049.20","6,51,396","5,10,965.40","10,75,54,26,821.20","1,610"
17-01-2023 00:00,"21,205.40","6,80,394","7,07,627.10","15,00,55,48,579.40","1,783"
18-01-2023 00:00,"21,136.70","6,28,678","6,05,720.30","12,80,29,04,304","1,743"
19-01-2023 00:00,"20,855.80","6,22,336","5,21,351.40","10,87,31,85,371.20","1,566"
20-01-2023 00:00,"21,302.90","5,79,642","5,18,546.90","11,04,65,56,656.70","1,400"
21-01-2023 00:00,"22,875.40","5,66,954","5,87,832.10","13,44,69,17,746.10","1,884"
22-01-2023 00:00,"22,808.30","5,77,661","4,22,671.80","9,64,04,13,343.90","1,384"
23-01-2023 00:00,"22,829.40","6,08,116","5,78,249.90","13,20,11,12,923.10","1,608"
24-01-2023 00:00,"22,969.70","6,11,481","5,05,799.70","11,61,80,80,674.90","1,791"
25-01-2023 00:00,"22,707.50","6,10,312","5,76,472.50","13,09,02,71,416.80","1,668"
26-01-2023 00:00,"23,069.20","6,13,034","5,26,840.10","12,15,37,63,472.60","1,524"
27-01-2023 00:00,"22,990","5,94,699","4,97,222.70","11,43,11,47,056","1,661"
28-01-2023 00:00,"23,021.60","5,61,265","2,57,967.20","5,93,88,16,045.50",926
29-01-2023 00:00,"23,425.10","5,61,126","3,42,372.30","8,02,01,02,086.10","1,046"
30-01-2023 00:00,"23,755.10","6,52,913","6,41,540.10","15,23,98,22,813.30","1,572"
