time,eth_price,daily_active_addresses,whale_vol_eth,whale_vol_usd,whale_tx_count
01-06-2021 00:00,2612.170896,"4,06,543",2032025.659,"5,30,79,98,287.80",303
02-06-2021 00:00,2697.221039,"4,24,584",1303788.001,"3,51,66,04,427.30",355
03-06-2021 00:00,2802.167645,"4,59,923",1407796.586,"3,94,48,82,045.60",378
04-06-2021 00:00,2685.331228,"4,53,031",1414475.218,"3,79,83,34,475.10",361
05-06-2021 00:00,2692.147525,"4,29,481",771790.1374,"2,07,77,72,908.50",202
06-06-2021 00:00,2693.565006,"4,15,308",399334.9785,"1,07,56,34,724",140
07-06-2021 00:00,2752.332348,"4,05,326",680366.661,"1,87,25,95,170",250
08-06-2021 00:00,2500.78916,"3,71,126",2388088.35,"5,97,21,05,460.30",464
09-06-2021 00:00,2527.430997,"3,75,240",2029096.695,"5,12,84,01,883",793
10-06-2021 00:00,2531.187074,"3,76,810",891668.4812,"2,25,69,79,733.80",219
11-06-2021 00:00,2434.80173,"3,59,015",941685.3687,"2,29,28,17,164.60",222
12-06-2021 00:00,2366.488908,"3,64,813",641631.9707,"1,51,84,14,941.60",178
13-06-2021 00:00,2393.544056,"3,96,480",484163.6037,"1,15,88,66,915.90",169
14-06-2021 00:00,2522.161591,"3,81,694",1353465.806,"3,41,36,59,471.10",328
15-06-2021 00:00,2579.611626,"3,85,052",943304.7266,"2,43,33,59,839.30",252
16-06-2021 00:00,2472.960025,"3,81,953",1745296.626,"4,31,60,48,788",242
17-06-2021 00:00,2396.903018,"3,62,925",1228972.171,"2,94,57,27,104.20",203
18-06-2021 00:00,2283.282914,"3,53,055",1475567.717,"3,36,91,38,556.80",434
19-06-2021 00:00,2228.177408,"3,21,508",459026.9204,"1,02,27,93,414",149
20-06-2021 00:00,2171.470439,"3,28,950",607036.3056,"1,31,81,61,392.80",195
21-06-2021 00:00,2022.481626,"3,52,494",2151571.662,"4,35,15,14,152.50",629
22-06-2021 00:00,1899.998712,"3,80,532",3198753.628,"6,07,76,27,774.10",866
23-06-2021 00:00,1982.88095,"3,87,639",953744.677,"1,89,11,62,151.20",305
24-06-2021 00:00,1963.756086,"4,01,535",1427814.812,"2,80,38,80,027.10",278
25-06-2021 00:00,1901.325253,"3,90,749",1510529.478,"2,87,20,07,841.70",347
26-06-2021 00:00,1791.24798,"3,75,606",478065.1732,"85,63,33,275.70",153
27-06-2021 00:00,1856.671957,"3,48,985",611085.3748,"1,13,45,85,078.80",248
28-06-2021 00:00,2039.603368,"4,00,152",937885.4975,"1,91,29,14,419.50",301
29-06-2021 00:00,2172.47917,"4,15,942",1048969.559,"2,27,88,64,516.90",248
30-06-2021 00:00,2165.471954,"3,97,971",979902.2218,"2,12,19,50,778.90",263
01-07-2021 00:00,2149.687311,"4,03,853",1910536.454,"4,10,70,55,970.80",310
02-07-2021 00:00,2081.669252,"3,82,771",1669204.519,"3,47,47,31,722.60",203
03-07-2021 00:00,2193.01614,"3,52,208",279392.8179,"61,27,12,958.90",106
04-07-2021 00:00,2306.609571,"3,51,506",397583.9439,"91,70,70,930.10",116
05-07-2021 00:00,2250.923914,"3,67,542",460374.3433,"1,03,62,67,618.70",174
06-07-2021 00:00,2295.603277,"3,62,096",855699.2163,"1,96,43,45,924.70",225
07-07-2021 00:00,2361.484785,"3,70,037",1104712.702,"2,60,87,62,237.10",239
08-07-2021 00:00,2189.103914,"3,63,670",1696488.413,"3,71,37,89,425.70",342
09-07-2021 00:00,2127.29846,"3,64,124",1058822.473,"2,25,24,31,416.40",290
10-07-2021 00:00,2119.834283,"3,38,749",694852.5688,"1,47,29,72,297.30",159
11-07-2021 00:00,2124.498709,"3,39,122",222758.1324,"47,32,49,364.70",97
12-07-2021 00:00,2100.916657,"3,50,298",1223034.568,"2,56,94,93,697",279
13-07-2021 00:00,1996.258832,"3,43,481",880659.1444,"1,75,80,23,595.10",232
14-07-2021 00:00,1952.236234,"3,51,040",1546063.682,"3,01,82,81,540.10",258
15-07-2021 00:00,1945.29959,"3,64,675",872557.8815,"1,69,73,86,488.80",226
16-07-2021 00:00,1911.168715,"3,52,393",1760504.283,"3,36,46,20,709.60",222
17-07-2021 00:00,1888.798526,"3,49,277",487746.2383,"92,12,54,375.90",154
18-07-2021 00:00,1942.137191,"3,37,794",436924.3532,"84,85,67,035.90",122
19-07-2021 00:00,1857.702478,"3,55,785",988177.4457,"1,83,57,39,689.40",253
20-07-2021 00:00,1772.400799,"3,63,036",982424.4927,"1,74,12,49,955.50",350
21-07-2021 00:00,1899.099918,"3,75,245",1514779.116,"2,87,67,16,894.20",329
22-07-2021 00:00,2002.416272,"3,72,428",1234704.714,"2,47,23,92,809.70",256
23-07-2021 00:00,2055.749583,"3,81,569",865552.7228,"1,77,93,59,649.20",208
24-07-2021 00:00,2150.375439,"4,04,041",443172.4917,"95,29,87,241.20",147
25-07-2021 00:00,2159.9128,"3,57,282",259353.2563,"56,01,80,417.90",94
26-07-2021 00:00,2322.406783,"3,86,726",1528002.156,"3,54,86,42,573.30",488
27-07-2021 00:00,2234.757254,"3,97,694",1161302.533,"2,59,52,29,260.20",316
28-07-2021 00:00,2297.14191,"4,02,301",897046.7241,"2,06,06,43,624.90",195
29-07-2021 00:00,2309.563056,"4,06,870",1255665.697,"2,90,00,39,104.50",223
30-07-2021 00:00,2383.945805,"4,01,321",1128708.837,"2,69,07,80,697.20",243
31-07-2021 00:00,2464.662386,"3,89,806",1085812.999,"2,67,61,62,457.80",132
01-08-2021 00:00,2597.871411,"3,74,886",654920.272,"1,70,13,98,651.10",183
02-08-2021 00:00,2598.552705,"4,17,042",706591.6081,"1,83,61,15,534.60",253
03-08-2021 00:00,2511.503924,"3,69,379",1060699.752,"2,66,39,51,590.10",252
04-08-2021 00:00,2586.376111,"3,67,790",1216152.856,"3,14,54,28,693.30",301
05-08-2021 00:00,2724.453147,"3,41,102",1139690.621,"3,10,50,33,698.20",321
06-08-2021 00:00,2819.270546,"3,69,046",1113862.782,"3,14,02,80,532.60",279
07-08-2021 00:00,3026.326474,"3,52,714",766014.0136,"2,31,82,08,488.80",201
08-08-2021 00:00,3084.465426,"3,54,532",574873.8433,"1,77,31,78,494.10",171
09-08-2021 00:00,3053.637955,"3,47,478",1544013.837,"4,71,48,59,255.60",351
10-08-2021 00:00,3132.859091,"3,49,752",992800.253,"3,11,03,03,298",246
11-08-2021 00:00,3207.423662,"3,53,103",669593.5924,"2,14,76,70,331.90",168
12-08-2021 00:00,3108.940174,"3,43,532",789243.6722,"2,45,37,11,359.30",196
13-08-2021 00:00,3200.732541,"3,44,368",972441.5521,"3,11,25,25,320",222
14-08-2021 00:00,3273.480657,"3,31,869",524771.8608,"1,71,78,30,535.50",105
15-08-2021 00:00,3211.662686,"3,28,245",658223.5191,"2,11,39,91,915.60",139
16-08-2021 00:00,3250.582191,"3,72,526",1172530.221,"3,81,14,05,855.10",239
17-08-2021 00:00,3164.920925,"3,62,219",973045.6613,"3,07,96,12,574.40",240
18-08-2021 00:00,3048.298636,"3,49,822",787852.824,"2,40,16,10,689.20",196
19-08-2021 00:00,3046.091285,"3,90,173",782422.4611,"2,38,33,30,239.80",195
20-08-2021 00:00,3236.513488,"3,85,726",1222345.864,"3,95,61,38,876.70",243
21-08-2021 00:00,3267.664978,"3,64,732",407525.9684,"1,33,16,58,334.60",112
22-08-2021 00:00,3221.245211,"3,46,615",510248.063,"1,64,36,34,129.50",155
23-08-2021 00:00,3323.567371,"3,58,399",1090419.557,"3,62,40,82,861.30",251
24-08-2021 00:00,3274.983485,"3,39,322",1692160.121,"5,54,17,96,450.10",259
25-08-2021 00:00,3189.692532,"3,15,045",1288394.687,"4,10,95,82,911.60",205
26-08-2021 00:00,3133.560101,"3,21,422",728849.8942,"2,28,38,94,948",184
27-08-2021 00:00,3173.177128,"3,05,308",978083.721,"3,10,36,32,892.10",194
28-08-2021 00:00,3246.205735,"3,24,932",497488.8574,"1,61,49,51,182.30",109
29-08-2021 00:00,3219.670205,"3,19,691",594014.6891,"1,91,25,31,396",99
30-08-2021 00:00,3222.312803,"3,31,161",827225.9961,"2,66,55,80,918.10",243
31-08-2021 00:00,3335.54179,"3,46,135",1304985.085,"4,35,28,32,285.90",364
01-09-2021 00:00,3573.458163,"3,51,390",1197248.487,"4,27,83,17,380.30",281
02-09-2021 00:00,3773.739489,"3,62,179",1701514.001,"6,42,10,70,577.60",401
03-09-2021 00:00,3888.157421,"3,24,030",1122666.615,"4,36,51,04,531.20",280
04-09-2021 00:00,3909.588671,"3,29,421",644714.6002,"2,52,05,68,897",156
05-09-2021 00:00,3909.433611,"3,18,746",438507.9015,"1,71,43,17,528.90",111
06-09-2021 00:00,3932.01429,"3,36,295",824450.3671,"3,24,17,50,624.50",210
07-09-2021 00:00,3692.704359,"3,61,882",1669904.256,"6,16,64,62,725.90",477
08-09-2021 00:00,3440.978961,"3,31,120",1226624.201,"4,22,07,88,068.80",257
09-09-2021 00:00,3495.770208,"3,39,678",1407076.707,"4,91,88,16,833.70",136
10-09-2021 00:00,3368.887396,"3,82,055",1279528.285,"4,31,05,86,712.80",250
11-09-2021 00:00,3288.15273,"4,53,744",1408972.671,"4,63,29,17,334.60",184
12-09-2021 00:00,3374.992967,"3,93,329",431029.8325,"1,45,47,22,653.20",110
13-09-2021 00:00,3263.137352,"4,60,496",807854.2939,"2,63,61,39,521.20",216
14-09-2021 00:00,3340.561474,"3,88,779",797696.0533,"2,66,47,52,703.80",135
15-09-2021 00:00,3458.523769,"3,87,101",1743610.215,"6,03,03,17,372.80",172
16-09-2021 00:00,3597.205761,"3,67,335",675729.1399,"2,43,07,36,754.70",156
17-09-2021 00:00,3483.886635,"3,60,917",1290156.132,"4,49,47,57,707.10",172
18-09-2021 00:00,3463.363842,"3,57,364",786349.3955,"2,72,34,14,063.20",106
19-09-2021 00:00,3385.935754,"3,43,933",470173.6035,"1,59,19,77,614.80",101
20-09-2021 00:00,3123.081705,"3,21,957",1522928.624,"4,75,62,30,523.40",335
21-09-2021 00:00,2968.453636,"3,53,664",1501024.631,"4,45,57,22,024.70",364
22-09-2021 00:00,2946.841525,"3,57,673",1125386.782,"3,31,63,36,499.50",271
23-09-2021 00:00,3113.611916,"3,52,228",1018097.319,"3,16,99,59,944.60",173
24-09-2021 00:00,2974.186193,"3,29,640",2288891.75,"6,80,75,90,241.90",307
25-09-2021 00:00,2918.199009,"3,47,495",328061.2458,"95,73,48,002.30",116
26-09-2021 00:00,2957.962711,"3,11,547",2503587.467,"7,40,55,18,372.60",167
27-09-2021 00:00,3070.017806,"3,23,702",729468.9469,"2,23,94,82,655.90",203
28-09-2021 00:00,2900.364665,"3,11,619",605716.5587,"1,75,67,98,904.20",172
29-09-2021 00:00,2880.26821,"3,29,118",616457.2589,"1,77,55,62,245.90",168
30-09-2021 00:00,2990.487408,"3,15,000",528789.51,"1,58,13,38,371.40",178
01-10-2021 00:00,3166.867765,"3,46,672",890024.3524,"2,81,85,89,431.80",234
02-10-2021 00:00,3343.71286,"3,42,780",513125.1874,"1,71,57,43,288",114
03-10-2021 00:00,3415.008949,"3,38,364",401113.2371,"1,36,98,05,294.20",96
04-10-2021 00:00,3368.913138,"3,11,635",740851.1215,"2,49,58,63,076.10",177
05-10-2021 00:00,3437.653848,"3,70,772",1450574.337,"4,98,65,72,451.70",220
06-10-2021 00:00,3516.285107,"3,85,775",1060219.284,"3,72,80,33,280.50",228
07-10-2021 00:00,3577.761891,"4,29,605",1191200.41,"4,26,18,31,431.70",234
08-10-2021 00:00,3606.166951,"4,09,851",1218989.742,"4,39,58,80,520.70",208
09-10-2021 00:00,3594.944381,"3,82,700",261701.6225,"94,08,02,777.40",67
10-10-2021 00:00,3545.711414,"3,59,582",340291.9437,"1,20,65,77,029",73
11-10-2021 00:00,3541.477762,"3,65,687",534822.8012,"1,89,40,63,057.10",155
12-10-2021 00:00,3488.929375,"3,63,004",695298.4352,"2,42,58,47,134.90",165
13-10-2021 00:00,3499.707159,"3,46,687",1096290.254,"3,83,66,94,849.80",179
14-10-2021 00:00,3706.984141,"3,66,400",1868550.767,"6,92,66,88,060.10",243
15-10-2021 00:00,3817.635221,"3,61,023",1213553.966,"4,63,29,06,363.40",241
16-10-2021 00:00,3873.691004,"3,77,682",589491.3987,"2,28,35,07,528",137
17-10-2021 00:00,3841.102775,"3,68,586",481524.9116,"1,84,95,86,674",92
18-10-2021 00:00,3798.592639,"3,72,174",805041.7825,"3,05,80,25,789",217
19-10-2021 00:00,3806.187951,"3,97,281",754841.7619,"2,87,30,69,619.40",192
20-10-2021 00:00,3957.773292,"4,15,085",938589.894,"3,71,47,26,014.90",225
21-10-2021 00:00,4159.710862,"4,09,648",1509899.866,"6,28,07,46,873.40",321
22-10-2021 00:00,4074.01416,"4,06,953",1231533.716,"5,01,72,85,798.90",217
23-10-2021 00:00,4045.306474,"4,29,175",575342.2501,"2,32,74,35,729.10",114
24-10-2021 00:00,4087.778883,"4,12,558",271907.7845,"1,11,14,98,899.30",67
25-10-2021 00:00,4149.368952,"3,99,448",579628.5505,"2,40,50,92,711.30",158
26-10-2021 00:00,4262.32303,"4,06,656",650502.7165,"2,77,26,52,709.70",180
27-10-2021 00:00,4102.459381,"4,02,825",1425615.403,"5,84,85,29,282.30",291
28-10-2021 00:00,4127.077292,"4,75,974",611512.0776,"2,52,37,57,609.10",211
29-10-2021 00:00,4368.701837,"4,61,823",1691947.67,"7,39,16,14,894.20",384
30-10-2021 00:00,4333.188936,"4,18,100",444024.1007,"1,92,40,40,320.50",122
31-10-2021 00:00,4290.907696,"4,00,183",404316.8236,"1,73,48,86,170",110
01-11-2021 00:00,4309.368182,"4,18,060",916990.4442,"3,95,16,49,443.30",186
02-11-2021 00:00,4431.562367,"4,43,858",949705.7128,"4,20,86,80,097.10",196
03-11-2021 00:00,4573.700562,"4,55,271",1795248.607,"8,21,09,29,564.20",279
04-11-2021 00:00,4530.901253,"4,37,641",937126.9142,"4,24,60,29,509.80",202
05-11-2021 00:00,4510.272178,"4,22,316",819983.5898,"3,69,83,49,171.50",157
06-11-2021 00:00,4462.173084,"4,06,036",527826.0057,"2,35,52,50,995.50",96
07-11-2021 00:00,4583.849236,"4,16,789",233794.6737,"1,07,16,79,536.30",72
08-11-2021 00:00,4741.204145,"4,31,588",704131.9825,"3,33,84,33,473.90",231
09-11-2021 00:00,4794.231866,"4,10,806",827086.9034,"3,96,52,46,387.70",163
10-11-2021 00:00,4738.083684,"4,60,446",793273.2591,"3,75,85,95,085.90",220
11-11-2021 00:00,4699.25346,"4,46,787",880779.5365,"4,13,90,06,284.20",183
12-11-2021 00:00,4677.380751,"4,48,149",984812.9897,"4,60,63,45,321.70",210
13-11-2021 00:00,4651.204473,"4,42,964",486018.8181,"2,26,05,72,900.80",68
14-11-2021 00:00,4612.260786,"4,43,118",498470.7374,"2,29,90,77,035",70
15-11-2021 00:00,4669.528134,"3,99,015",2753671.009,"12,85,83,44,248.10",215
16-11-2021 00:00,4310.539801,"4,05,270",1116443.781,"4,81,24,75,354.80",293
17-11-2021 00:00,4206.335372,"4,91,165",915876.9893,"3,85,24,85,777.10",203
18-11-2021 00:00,4176.201102,"3,95,034",987713.937,"4,12,48,92,031.80",239
19-11-2021 00:00,4158.472664,"4,12,795",1013437.545,"4,21,43,52,325.60",199
20-11-2021 00:00,4318.016843,"3,55,894",692566.5278,"2,99,05,13,932.30",79
21-11-2021 00:00,4360.17018,"4,21,875",707291.8792,"3,08,39,12,960.20",108
22-11-2021 00:00,4183.61744,"3,57,336",836340.8062,"3,49,89,29,982.80",215
23-11-2021 00:00,4217.068352,"3,80,864",746642.3903,"3,14,86,41,994.40",181
24-11-2021 00:00,4268.761199,"4,01,865",1077237.601,"4,59,84,70,074.40",181
25-11-2021 00:00,4400.325982,"3,91,661",735404.2377,"3,23,60,18,374.20",154
26-11-2021 00:00,4208.926177,"3,98,532",1414537.869,"5,95,36,85,466.20",276
27-11-2021 00:00,4124.663728,"3,56,190",352498.1476,"1,45,39,36,323.70",90
28-11-2021 00:00,4092.680982,"3,43,088",273893.0025,"1,12,09,56,682.30",85
29-11-2021 00:00,4360.751616,"3,91,900",847991.594,"3,69,78,80,714.20",182
30-11-2021 00:00,4538.417314,"4,07,554",1375823.566,"6,24,40,61,494",369
01-12-2021 00:00,4691.799126,"3,74,768",1327257.052,"6,22,72,23,475.90",336
02-12-2021 00:00,4538.882481,"4,00,650",1061536.786,"4,81,81,90,720.10",230
03-12-2021 00:00,4466.144747,"3,70,340",1241942.085,"5,54,66,93,120.90",288
04-12-2021 00:00,4026.027784,"3,53,562",1692584.134,"6,81,43,90,748.50",373
05-12-2021 00:00,4164.699968,"6,30,682",571664.3351,"2,38,08,10,438.20",201
06-12-2021 00:00,4137.366332,"3,91,657",1732724.029,"7,16,89,14,061",394
07-12-2021 00:00,4355.41221,"3,89,854",1263114.343,"5,50,13,83,631.60",239
08-12-2021 00:00,4355.94602,"4,38,818",1051838.626,"4,58,17,52,278.10",242
09-12-2021 00:00,4289.223046,"4,01,886",1038464.467,"4,45,42,05,725.20",239
10-12-2021 00:00,4086.427004,"4,03,851",1109153.209,"4,53,24,73,626.40",256
11-12-2021 00:00,4021.098059,"3,80,588",543643.6871,"2,18,60,44,575",148
12-12-2021 00:00,4070.972184,"3,86,091",157658.5508,"64,18,23,574.90",66
13-12-2021 00:00,3934.832276,"4,01,818",1375502.279,"5,41,23,70,763.90",322
14-12-2021 00:00,3800.988002,"3,91,575",1229938.397,"4,67,49,81,090.70",250
15-12-2021 00:00,3868.08625,"3,96,976",883061.9131,"3,41,57,59,643.80",241
16-12-2021 00:00,4035.518782,"4,01,779",1085408.919,"4,38,01,88,077.50",192
17-12-2021 00:00,3891.309593,"3,97,867",771623.4211,"3,00,26,25,620.70",204
18-12-2021 00:00,3921.119394,"3,67,878",595400.4132,"2,33,46,36,107.30",110
19-12-2021 00:00,3948.888504,"3,68,888",258724.7968,"1,02,16,75,375.80",74
20-12-2021 00:00,3862.650931,"3,89,546",693928.734,"2,68,04,04,470.70",176
21-12-2021 00:00,4004.250688,"3,70,545",642746.5133,"2,57,37,18,168.20",181
22-12-2021 00:00,4022.35006,"4,22,110",699090.4066,"2,81,19,86,338.80",144
23-12-2021 00:00,3996.053387,"3,93,349",852996.6426,"3,40,86,20,122.60",157
24-12-2021 00:00,4097.48346,"4,34,907",773881.0807,"3,17,09,64,927.80",129
25-12-2021 00:00,4073.868879,"4,41,710",635422.6952,"2,58,86,28,743.40",54
26-12-2021 00:00,4062.270057,"3,94,365",253186.5119,"1,02,85,11,985.90",52
27-12-2021 00:00,4080.437658,"3,93,070",911855.6951,"3,72,07,70,316.90",152
28-12-2021 00:00,3901.290748,"3,85,681",1086961.245,"4,24,05,51,850.20",228
29-12-2021 00:00,3780.709141,"3,69,952",740554.2066,"2,79,98,20,058.50",140
30-12-2021 00:00,3708.699328,"3,96,929",2072896.25,"7,68,77,48,928.50",210
31-12-2021 00:00,3741.510761,"3,74,555",1459375.228,"5,46,02,68,118.60",241
01-01-2022 00:00,3731.419299,"3,87,518",459366.1884,"1,71,40,87,860.90",100
02-01-2022 00:00,3772.573668,"3,42,634",200596.8228,"75,67,66,291.60",70
03-01-2022 00:00,3791.528071,"3,67,991",343382.9821,"1,30,19,46,215.70",89
04-01-2022 00:00,3796.736771,"3,79,249",888988.232,"3,37,52,54,309.30",202
05-01-2022 00:00,3766.066035,"3,79,577",1098518.855,"4,13,70,94,550.50",182
06-01-2022 00:00,3432.260556,"3,86,516",1489258.713,"5,11,15,23,936.60",301
07-01-2022 00:00,3236.418658,"3,77,151",1241635.872,"4,01,84,53,504",322
08-01-2022 00:00,3172.509571,"3,71,332",453181.3719,"1,43,77,22,239.50",126
09-01-2022 00:00,3140.058753,"3,28,330",207468.8557,"65,14,64,396.30",70
10-01-2022 00:00,3104.348182,"3,34,991",703314.5542,"2,18,33,33,257.60",191
11-01-2022 00:00,3153.623573,"3,79,191",591981.0213,"1,86,68,85,303.70",154
12-01-2022 00:00,3302.656149,"4,25,165",645694.4647,"2,13,25,06,794.20",157
13-01-2022 00:00,3328.475836,"4,21,127",1053156.275,"3,50,54,05,214.80",172
14-01-2022 00:00,3275.752004,"3,88,713",719243.5832,"2,35,60,63,609.50",163
15-01-2022 00:00,3329.10339,"3,90,408",343918.9769,"1,14,49,41,831.90",88
16-01-2022 00:00,3335.042674,"3,80,865",323146.0161,"1,07,77,05,753.60",69
17-01-2022 00:00,3260.335496,"3,78,475",578021.2397,"1,88,45,43,165",141
18-01-2022 00:00,3166.1447,"3,69,866",628368.4313,"1,98,95,05,378.60",167
19-01-2022 00:00,3122.153851,"3,80,936",1200259.929,"3,74,73,96,161",177
20-01-2022 00:00,3157.363658,"3,79,759",778464.419,"2,45,78,95,265.90",177
21-01-2022 00:00,2825.961714,"3,46,707",2254202.514,"6,37,02,90,000.30",536
22-01-2022 00:00,2473.243876,"3,67,905",1883673.404,"4,65,87,83,711.80",507
23-01-2022 00:00,2460.223507,"3,43,863",1222593.503,"3,00,78,53,275.10",237
24-01-2022 00:00,2369.475199,"3,44,181",1633924.306,"3,87,15,43,120.30",432
25-01-2022 00:00,2425.680092,"3,50,846",1052217.236,"2,55,23,42,401.80",263
26-01-2022 00:00,2519.754208,"3,41,829",1320363.115,"3,32,69,90,513.90",302
27-01-2022 00:00,2428.057216,"3,33,153",1388285.372,"3,37,08,36,316",270
28-01-2022 00:00,2444.441553,"3,53,910",1093724.011,"2,67,35,44,420.20",278
29-01-2022 00:00,2567.613131,"3,51,795",606080.06,"1,55,61,79,120.70",127
30-01-2022 00:00,2601.352705,"3,65,099",757447.5407,"1,97,03,88,209.10",122
31-01-2022 00:00,2587.378292,"3,80,298",993335.5338,"2,57,01,34,797.20",194
01-02-2022 00:00,2758.693144,"3,74,716",790589.2236,"2,18,09,93,070.70",203
02-02-2022 00:00,2740.857734,"3,62,681",557560.9689,"1,52,81,95,293.50",180
03-02-2022 00:00,2647.262771,"3,50,693",1482369.932,"3,92,42,22,734.20",269
04-02-2022 00:00,2834.453652,"3,88,100",908912.4054,"2,57,62,70,087",196
05-02-2022 00:00,3014.991316,"4,19,965",413300.3943,"1,24,60,97,099.80",105
06-02-2022 00:00,3011.162926,"4,07,317",236774.708,"71,29,67,222.60",73
07-02-2022 00:00,3100.682049,"3,78,786",934322.3424,"2,89,70,36,514.60",179
08-02-2022 00:00,3116.533665,"3,89,807",902749.8832,"2,81,34,50,401.90",213
09-02-2022 00:00,3160.61197,"3,97,404",760996.2562,"2,40,52,13,876.20",162
10-02-2022 00:00,3191.436395,"4,03,656",1793480.072,"5,72,37,77,575.60",245
11-02-2022 00:00,3058.162465,"4,05,714",1105714.325,"3,38,14,54,047.10",229
12-02-2022 00:00,2931.72483,"3,97,942",494691.387,"1,45,02,99,022.20",105
13-02-2022 00:00,2916.719258,"4,09,959",308843.6835,"90,08,10,319.40",66
14-02-2022 00:00,2903.575193,"4,04,849",803065.8048,"2,33,17,61,948.70",140
15-02-2022 00:00,3080.070811,"3,91,484",998220.3322,"3,07,45,89,308.40",141
16-02-2022 00:00,3132.448141,"3,69,368",596603.144,"1,86,88,28,409.10",144
17-02-2022 00:00,3028.074306,"3,65,904",847937.4428,"2,56,76,17,583.30",207
18-02-2022 00:00,2863.95517,"3,33,950",830435.6754,"2,37,83,30,546.20",176
19-02-2022 00:00,2777.651338,"3,61,004",235393.8238,"65,38,41,969.90",84
20-02-2022 00:00,2661.690811,"3,77,355",454495.3071,"1,20,97,25,982.60",115
21-02-2022 00:00,2686.74881,"3,38,498",724986.6297,"1,94,78,56,964.60",150
22-02-2022 00:00,2584.17941,"3,49,413",481077.5883,"1,24,31,90,798.30",151
23-02-2022 00:00,2672.194258,"3,64,737",580220.0031,"1,55,04,60,560.80",155
24-02-2022 00:00,2465.753182,"3,78,488",2152752.362,"5,30,81,55,987",490
25-02-2022 00:00,2666.116525,"3,86,463",1184281.349,"3,15,74,32,074.20",211
26-02-2022 00:00,2792.732191,"4,14,979",468480.1782,"1,30,83,39,674.40",117
27-02-2022 00:00,2733.972187,"3,88,011",370145.9322,"1,01,19,68,684",111
28-02-2022 00:00,2706.530309,"3,67,433",971456.296,"2,62,92,75,909.30",230
01-03-2022 00:00,2938.533709,"3,90,738",1158176.316,"3,40,33,40,144.80",250
02-03-2022 00:00,2971.269754,"4,12,565",817934.1623,"2,43,03,03,037",176
03-03-2022 00:00,2887.199779,"4,05,259",813591.5943,"2,34,90,01,471.40",183
04-03-2022 00:00,2704.566708,"3,97,635",1029476.244,"2,78,42,87,176.90",194
05-03-2022 00:00,2646.060439,"3,78,189",424416.7925,"1,12,30,32,484.10",61
06-03-2022 00:00,2637.938516,"3,92,022",229546.3595,"60,55,29,183.10",60
07-03-2022 00:00,2547.386765,"3,99,885",830488.124,"2,11,55,74,455.10",173
08-03-2022 00:00,2559.591935,"4,60,531",910136.621,"2,32,95,78,354.70",156
09-03-2022 00:00,2712.175518,"4,40,748",527463.9288,"1,43,05,74,754.20",127
10-03-2022 00:00,2617.150565,"5,13,591",776018.856,"2,03,09,58,187.30",171
11-03-2022 00:00,2584.515262,"3,99,157",487829.0059,"1,26,08,01,510.90",120
12-03-2022 00:00,2588.819959,"4,09,965",115464.4224,"29,89,16,601.20",46
13-03-2022 00:00,2576.324735,"3,74,959",217571.5327,"56,05,34,921.40",59
14-03-2022 00:00,2561.465221,"3,79,190",469107.2526,"1,20,16,01,912.40",122
15-03-2022 00:00,2574.720189,"4,46,085",1503970.198,"3,87,23,02,433.60",170
16-03-2022 00:00,2683.544359,"5,04,752",899645.3828,"2,41,42,38,292.20",165
17-03-2022 00:00,2789.839331,"3,88,097",604583.6136,"1,68,66,91,144.10",141
18-03-2022 00:00,2847.622866,"5,13,637",812402.9173,"2,31,34,17,123.90",220
19-03-2022 00:00,2946.535975,"4,12,816",883548.3501,"2,60,34,06,999.50",174
20-03-2022 00:00,2898.567781,"4,02,440",140835.1176,"40,82,20,134.20",68
21-03-2022 00:00,2894.829618,"4,38,865",729719.3124,"2,11,24,13,078.30",180
22-03-2022 00:00,2995.388595,"4,73,329",1119668.922,"3,35,38,43,519.80",256
23-03-2022 00:00,2972.193277,"4,18,898",592197.6833,"1,76,01,25,972.70",152
24-03-2022 00:00,3060.171042,"3,99,100",946160.883,"2,89,54,14,135",209
25-03-2022 00:00,3129.360448,"3,96,222",1064982.13,"3,33,27,12,956.50",261
26-03-2022 00:00,3121.733024,"4,11,305",138732.9216,"43,30,87,142.90",44
27-03-2022 00:00,3168.709804,"3,95,740",160880.8992,"50,97,84,882.50",60
28-03-2022 00:00,3344.24988,"4,01,417",896056.4838,"2,99,66,36,788.50",202
29-03-2022 00:00,3406.326847,"4,03,404",1249730.041,"4,25,69,88,989.20",233
30-03-2022 00:00,3389.142083,"3,87,178",1131097.73,"3,83,34,50,916.20",201
31-03-2022 00:00,3364.916184,"3,87,042",1141715.604,"3,84,17,77,313.30",201
01-04-2022 00:00,3343.176682,"3,71,346",1154539.115,"3,85,98,28,246.80",143
02-04-2022 00:00,3478.94989,"3,46,967",634340.3133,"2,20,68,38,162.70",109
03-04-2022 00:00,3488.914485,"3,33,167",308621.1353,"1,07,67,52,749.50",66
04-04-2022 00:00,3485.515852,"3,27,767",492427.7972,"1,71,63,64,893.20",119
05-04-2022 00:00,3493.489779,"3,41,385",692740.5752,"2,42,00,82,118.80",124
06-04-2022 00:00,3297.191938,"3,48,681",898861.5048,"2,96,37,18,907.10",210
07-04-2022 00:00,3219.581045,"3,42,338",979655.1232,"3,15,40,79,065.10",155
08-04-2022 00:00,3259.334059,"3,38,387",617526.6586,"2,01,27,25,671",137
09-04-2022 00:00,3221.059883,"3,68,524",320174.3774,"1,03,13,00,842.60",66
10-04-2022 00:00,3260.219378,"3,69,066",152245.6816,"49,63,54,321.20",51
11-04-2022 00:00,3093.450063,"3,57,420",1184773.538,"3,66,50,37,775",209
12-04-2022 00:00,3015.983456,"3,43,565",452025.56,"1,36,33,01,610.70",140
13-04-2022 00:00,3068.384533,"3,24,508",506444.0869,"1,55,39,65,203.10",125
14-04-2022 00:00,3074.923993,"3,71,702",489402.8823,"1,50,48,76,665.10",114
15-04-2022 00:00,3032.546023,"3,62,399",762501.4891,"2,31,23,20,858",156
16-04-2022 00:00,3045.283365,"3,60,933",499108.7328,"1,51,99,27,521.40",63
17-04-2022 00:00,3054.172427,"3,43,484",446166.8131,"1,36,26,70,378.50",42
18-04-2022 00:00,2964.644498,"3,61,217",541597.9208,"1,60,56,45,296.10",146
19-04-2022 00:00,3072.890167,"4,55,129",886017.3251,"2,72,26,33,926.40",163
20-04-2022 00:00,3094.434615,"4,66,571",1705600.858,"5,27,78,70,332.90",207
21-04-2022 00:00,3085.946468,"3,52,087",658702.0484,"2,03,27,19,259.50",130
22-04-2022 00:00,2989.325088,"3,73,181",717139.5477,"2,14,37,63,241.70",120
23-04-2022 00:00,2961.183084,"3,55,360",98816.00137,"29,26,12,271.70",34
24-04-2022 00:00,2949.944628,"3,73,744",164537.0043,"48,53,75,052",38
25-04-2022 00:00,2895.591326,"3,69,712",901695.7457,"2,61,09,42,379.70",225
26-04-2022 00:00,2940.53834,"3,69,371",796030.0529,"2,34,07,56,890.20",165
27-04-2022 00:00,2864.810751,"3,75,190",667069.3218,"1,91,10,27,365",179
28-04-2022 00:00,2915.850448,"3,79,585",858863.5196,"2,50,43,17,578.70",161
29-04-2022 00:00,2876.132614,"3,73,947",1559582.709,"4,48,55,66,693.20",240
30-04-2022 00:00,2817.780006,"3,91,194",237935.1979,"67,04,49,043.60",73
01-05-2022 00:00,2780.964066,"3,35,152",390481.775,"1,08,59,15,784.60",107
02-05-2022 00:00,2836.977973,"3,24,254",1174338.442,"3,33,15,72,292.30",222
03-05-2022 00:00,2826.051954,"3,18,905",1744998.142,"4,93,14,55,408.70",273
04-05-2022 00:00,2853.939981,"3,59,182",924126.2099,"2,63,74,00,737.90",235
05-05-2022 00:00,2863.443198,"3,96,640",844384.5282,"2,41,78,47,133.30",187
06-05-2022 00:00,2712.950256,"3,61,917",921245.321,"2,49,92,92,729.10",271
07-05-2022 00:00,2678.527538,"3,55,118",411665.8347,"1,10,26,58,274.60",108
08-05-2022 00:00,2557.840473,"3,80,009",423256.5765,"1,08,26,22,802",135
09-05-2022 00:00,2400.564324,"3,77,215",1986048.466,"4,76,76,37,094.20",445
10-05-2022 00:00,2359.919246,"3,89,663",1868078.275,"4,40,85,13,874.10",413
11-05-2022 00:00,2283.990354,"3,34,767",3083395.895,"7,04,24,46,480.50",576
12-05-2022 00:00,1953.755862,"4,58,285",5413196.392,"10,57,60,64,182.30",941
13-05-2022 00:00,2075.421215,"4,86,911",2766664.296,"5,74,19,93,776.30",582
14-05-2022 00:00,2021.147213,"3,74,576",464608.5772,"93,90,42,330.80",168
15-05-2022 00:00,2065.998453,"3,67,474",520016.0948,"1,07,43,52,447.50",110
16-05-2022 00:00,2042.022573,"3,87,357",2749633.92,"5,61,48,14,530.20",352
17-05-2022 00:00,2069.680215,"3,71,284",982698.293,"2,03,38,71,213.90",189
18-05-2022 00:00,2012.119438,"4,30,244",1289386.506,"2,59,43,99,651.50",235
19-05-2022 00:00,1971.120069,"3,68,110",1187227.683,"2,34,01,68,313.40",301
20-05-2022 00:00,2001.962377,"3,56,246",1743978.505,"3,49,13,79,352.10",242
21-05-2022 00:00,1971.345802,"3,68,388",387222.6277,"76,33,49,701.60",80
22-05-2022 00:00,2002.135657,"3,49,389",537936.3419,"1,07,70,21,531.20",68
23-05-2022 00:00,2040.004653,"3,47,370",1434085.01,"2,92,55,40,091.90",211
24-05-2022 00:00,1970.322475,"3,61,074",891505.416,"1,75,65,53,157.50",199
25-05-2022 00:00,1973.595448,"3,37,014",432149.6802,"85,28,88,641.70",156
26-05-2022 00:00,1875.930155,"3,06,054",2066150,"3,87,59,53,089",406
27-05-2022 00:00,1766.365508,"3,23,553",1947537.612,"3,44,00,63,264.60",414
28-05-2022 00:00,1772.10386,"3,65,838",392828.3973,"69,61,32,719.30",131
29-05-2022 00:00,1795.159669,"3,51,642",305384.3913,"54,82,13,742.70",96
30-05-2022 00:00,1905.298914,"3,02,843",935760.1853,"1,78,29,02,865",199
31-05-2022 00:00,1969.778955,"3,65,323",1301983.607,"2,56,46,19,908.40",213
01-06-2022 00:00,1902.591616,"3,27,004",1164085.483,"2,21,47,79,281",343
02-06-2022 00:00,1823.910533,"2,95,697",1403697.416,"2,56,02,18,502.40",230
03-06-2022 00:00,1791.590281,"3,01,193",799110.6755,"1,43,16,78,919.60",209
04-06-2022 00:00,1775.480644,"2,87,966",342375.4349,"60,78,80,957.70",101
05-06-2022 00:00,1801.700341,"2,88,212",361499.0223,"65,13,12,911.70",90
06-06-2022 00:00,1876.499359,"3,13,818",777366.4035,"1,45,87,27,558.10",211
07-06-2022 00:00,1780.843838,"3,02,566",1197553.98,"2,13,26,56,626",299
08-06-2022 00:00,1805.22756,"2,84,648",697281.8107,"1,25,87,52,341.80",157
09-06-2022 00:00,1799.610174,"3,04,196",738820.2323,"1,32,95,88,406.50",144
10-06-2022 00:00,1743.926806,"3,37,953",1765960.079,"3,07,97,05,119.80",377
11-06-2022 00:00,1598.968564,"3,31,569",2138842.461,"3,41,99,41,857.70",451
12-06-2022 00:00,1484.302579,"3,07,652",1468674.508,"2,17,99,57,360.10",301
13-06-2022 00:00,1273.783157,"3,07,469",4866442.677,"6,19,87,92,714.90","1,128"
14-06-2022 00:00,1195.611234,"3,09,609",3732233.685,"4,46,23,00,522.40",765
15-06-2022 00:00,1138.859845,"3,11,276",3001688.63,"3,41,85,02,648.40",822
16-06-2022 00:00,1145.115751,"3,44,318",2359811.267,"2,70,22,57,051.80",518
17-06-2022 00:00,1089.048491,"3,63,616",2266081.325,"2,46,78,72,447.40",483
18-06-2022 00:00,1009.161174,"3,15,862",2144112.388,"2,16,37,54,974.70",570
19-06-2022 00:00,1029.660344,"3,25,354",1249775.967,"1,28,68,44,752.50",353
20-06-2022 00:00,1106.658741,"3,27,899",1536865.814,"1,70,07,85,986.40",368
21-06-2022 00:00,1145.915543,"3,18,747",1238409.285,"1,41,91,12,448.30",333
22-06-2022 00:00,1087.962939,"3,14,364",1240211.251,"1,34,93,03,877.80",337
23-06-2022 00:00,1103.366348,"3,07,638",1316766.418,"1,45,28,75,754",296
24-06-2022 00:00,1183.565331,"3,25,224",1032187.673,"1,22,16,61,544.70",289
25-06-2022 00:00,1216.325606,"2,83,404",635709.8199,"77,32,30,132",156
26-06-2022 00:00,1234.584347,"2,71,260",436065.519,"53,83,59,663.80",147
27-06-2022 00:00,1209.75572,"3,17,154",1304828.111,"1,57,85,23,270.30",245
28-06-2022 00:00,1190.777626,"2,96,752",954623.7807,"1,13,67,44,639.60",256
29-06-2022 00:00,1124.000912,"2,96,116",2413660.236,"2,71,29,56,307.20",306
30-06-2022 00:00,1047.491162,"3,05,681",1924225.218,"2,01,56,08,908.40",441
01-07-2022 00:00,1066.676701,"3,62,338",1373412.601,"1,46,49,87,223.30",343
02-07-2022 00:00,1054.581506,"3,79,634",570285.0424,"60,14,12,058.60",156
03-07-2022 00:00,1063.422172,"3,50,429",284261.3005,"30,22,89,769.60",99
04-07-2022 00:00,1090.170401,"3,51,386",1168074.666,"1,27,34,00,426.50",248
05-07-2022 00:00,1133.043475,"3,51,328",942361.0862,"1,06,77,36,080.20",243
06-07-2022 00:00,1143.150208,"3,58,371",951747.0073,"1,08,79,89,789.70",211
07-07-2022 00:00,1199.840982,"3,71,407",2743553.207,"3,29,18,27,573",367
08-07-2022 00:00,1235.005148,"3,59,753",1161067.523,"1,43,39,24,368.50",295
09-07-2022 00:00,1219.707146,"3,63,882",365384.1645,"44,56,61,676.60",127
10-07-2022 00:00,1183.930246,"3,72,000",581185.611,"68,80,83,223.50",175
11-07-2022 00:00,1144.091654,"3,38,151",1000909.735,"1,14,51,32,474.80",252
12-07-2022 00:00,1071.939773,"3,45,380",1445520.917,"1,54,95,11,363.10",266
13-07-2022 00:00,1067.171247,"3,78,381",1687611.181,"1,80,09,70,128.70",425
14-07-2022 00:00,1126.997794,"4,01,630",1131109.489,"1,27,47,57,897.90",269
15-07-2022 00:00,1220.229119,"4,31,693",2187372.675,"2,66,90,95,832.90",411
16-07-2022 00:00,1257.872121,"4,71,624",675669.7273,"84,99,06,113.10",206
17-07-2022 00:00,1353.449675,"4,38,716",723948.1881,"97,98,27,439.80",232
18-07-2022 00:00,1456.204173,"3,84,636",1948936.894,"2,83,80,50,037.20",435
19-07-2022 00:00,1545.460713,"3,67,817",2983254.961,"4,61,05,03,340.10",412
20-07-2022 00:00,1560.479116,"3,84,375",1196989.856,"1,86,78,77,672.80",304
21-07-2022 00:00,1522.89054,"4,01,223",4062700.363,"6,18,70,47,948.50",192
22-07-2022 00:00,1583.923936,"4,17,775",762980.4283,"1,20,85,02,963.20",208
23-07-2022 00:00,1544.171086,"3,82,091",398730.0412,"61,57,07,400.60",106
24-07-2022 00:00,1595.23697,"3,76,696",270826.2922,"43,20,32,113.80",107
25-07-2022 00:00,1524.411218,"4,94,271",803928.0084,"1,22,55,16,874.80",193
26-07-2022 00:00,1405.297614,"9,55,762",888319.0514,"1,24,83,52,643.10",205
27-07-2022 00:00,1496.44785,"4,05,456",1443794.167,"2,16,05,62,676.90",271
28-07-2022 00:00,1668.0678,"3,81,835",1338978.277,"2,23,35,06,549.10",325
29-07-2022 00:00,1716.588646,"4,14,077",1292427.284,"2,21,85,66,000.90",283
30-07-2022 00:00,1713.257105,"4,16,294",494982.1994,"84,80,31,770.10",113
31-07-2022 00:00,1705.390325,"4,15,450",288998.5859,"49,28,55,392.30",83
01-08-2022 00:00,1666.634684,"5,50,241",937627.8291,"1,56,26,83,060.90",225
02-08-2022 00:00,1614.075325,"4,21,077",750304.1592,"1,21,10,47,429.70",254
03-08-2022 00:00,1643.694066,"4,45,388",527147.505,"86,64,69,225.70",197
04-08-2022 00:00,1622.472134,"7,13,397",563371.9829,"91,40,55,343.30",160
05-08-2022 00:00,1672.841108,"4,34,926",740461.8597,"1,23,86,75,037.80",205
06-08-2022 00:00,1720.122715,"4,38,774",401671.7677,"69,09,24,731.50",110
07-08-2022 00:00,1696.397339,"4,36,457",673891.9746,"1,14,31,88,552.50",128
08-08-2022 00:00,1757.422718,"3,91,628",631589.4021,"1,10,99,69,563.50",167
09-08-2022 00:00,1732.99292,"3,72,587",816035.0826,"1,41,41,83,020.50",205
10-08-2022 00:00,1758.712241,"3,78,375",1533167.719,"2,69,64,00,835",338
11-08-2022 00:00,1892.750253,"3,50,435",871638.6093,"1,64,97,94,197.90",278
12-08-2022 00:00,1899.219744,"3,83,964",778173.4164,"1,47,79,22,316.90",208
13-08-2022 00:00,1986.991692,"3,82,651",627594.0657,"1,24,70,24,194.40",172
14-08-2022 00:00,1975.768046,"3,71,202",405266.459,"80,07,12,519.90",85
15-08-2022 00:00,1923.288387,"3,49,172",1017774.699,"1,95,74,74,258.70",252
16-08-2022 00:00,1887.302948,"3,81,692",625716.844,"1,18,09,17,244.50",169
17-08-2022 00:00,1873.419924,"3,89,182",2099076.24,"3,93,24,51,250.10",135
18-08-2022 00:00,1859.891048,"3,99,598",704213.7272,"1,30,97,60,807.10",152
19-08-2022 00:00,1737.828598,"3,59,542",1121384.3,"1,94,87,73,707.20",325
20-08-2022 00:00,1619.756812,"3,54,983",453924.2007,"73,52,46,816.20",133
21-08-2022 00:00,1608.495653,"3,76,235",289520.1957,"46,56,91,976.40",99
22-08-2022 00:00,1582.156465,"3,46,584",500590.1832,"79,20,11,994.40",181
23-08-2022 00:00,1626.864223,"3,50,848",594734.3431,"96,75,52,025.20",185
24-08-2022 00:00,1652.15602,"3,50,868",704508.847,"1,16,39,58,532.40",210
25-08-2022 00:00,1696.44679,"3,65,520",731370.4152,"1,24,07,30,993",163
26-08-2022 00:00,1631.26012,"3,45,115",964951.6825,"1,57,40,87,197.30",259
27-08-2022 00:00,1493.044482,"3,58,195",765806.1903,"1,14,33,82,706.90",174
28-08-2022 00:00,1487.806039,"3,45,683",1038142.649,"1,54,45,54,901.80",81
29-08-2022 00:00,1486.675663,"3,37,261",1453293.433,"2,16,05,75,977.40",248
30-08-2022 00:00,1553.602907,"3,24,423",1128719.557,"1,75,35,81,985.90",271
31-08-2022 00:00,1577.808939,"3,24,975",1133286.242,"1,78,81,09,163.20",242
01-09-2022 00:00,1559.300754,"3,48,759",1259445.378,"1,96,38,54,128.60",242
02-09-2022 00:00,1593.715385,"3,70,991",1921738.484,"3,06,27,04,187.70",355
03-09-2022 00:00,1559.191196,"3,95,093",485791.1007,"75,74,41,207.40",80
04-09-2022 00:00,1560.870549,"4,56,075",251753.5319,"39,29,54,673.60",58
05-09-2022 00:00,1580.531973,"3,85,867",552181.5498,"87,27,40,594.20",168
06-09-2022 00:00,1635.474949,"3,61,661",2693586.975,"4,40,52,94,021.20",383
07-09-2022 00:00,1547.820657,"3,39,170",1324041.858,"2,04,93,79,338.70",319
08-09-2022 00:00,1629.681329,"3,65,801",1194237.967,"1,94,62,27,316.70",239
09-09-2022 00:00,1698.643905,"3,78,906",1254955.132,"2,13,17,21,884.80",292
10-09-2022 00:00,1730.378911,"3,57,470",404676.2167,"70,02,43,191.10",99
11-09-2022 00:00,1764.32398,"3,49,771",388758.2714,"68,58,95,540.70",75
12-09-2022 00:00,1733.146862,"3,42,342",1916664.102,"3,32,18,60,373.80",273
13-09-2022 00:00,1662.049053,"3,67,492",3591073.086,"5,96,85,39,621.60",409
14-09-2022 00:00,1600.796771,"3,90,083",6318276.176,"10,11,42,76,099",651
15-09-2022 00:00,1563.341484,"4,20,590",4658975.629,"7,28,35,69,872.60",843
16-09-2022 00:00,1455.603649,"4,39,953",3234085.417,"4,70,75,46,534.60",516
17-09-2022 00:00,1444.754735,"5,64,100",644883.9049,"93,16,99,075",128
18-09-2022 00:00,1421.807165,"3,92,066",785058.8943,"1,11,62,02,361.20",199
19-09-2022 00:00,1330.948769,"3,69,927",2305378.494,"3,06,83,40,669",385
20-09-2022 00:00,1354.072955,"3,70,460",1692981.187,"2,29,24,20,037.70",283
21-09-2022 00:00,1329.697055,"3,57,700",1565137.099,"2,08,11,58,191.60",386
22-09-2022 00:00,1285.98154,"3,73,586",1679674.736,"2,16,00,30,704.10",414
23-09-2022 00:00,1315.372345,"3,93,530",1636979.494,"2,15,32,37,556.60",314
24-09-2022 00:00,1330.571834,"4,25,162",551822.4867,"73,42,39,458.20",90
25-09-2022 00:00,1315.888807,"3,85,478",666391.2858,"87,68,96,833.90",104
26-09-2022 00:00,1313.212459,"3,91,078",1317029.015,"1,72,95,38,910.90",234
27-09-2022 00:00,1362.197146,"4,49,034",1343202.46,"1,82,97,06,558.50",296
28-09-2022 00:00,1310.396158,"3,51,731",789684.7155,"1,03,47,99,817.60",260
29-09-2022 00:00,1331.954744,"3,75,459",2099934.53,"2,79,70,17,759.40",329
30-09-2022 00:00,1337.817936,"3,71,714",1376875.467,"1,84,20,08,695.50",295
01-10-2022 00:00,1323.752017,"3,60,923",498656.2994,"66,00,97,282.10",87
02-10-2022 00:00,1303.685322,"3,59,484",320943.5983,"41,84,09,458.30",80
03-10-2022 00:00,1304.745556,"3,40,224",1113004.423,"1,45,21,87,573.60",167
04-10-2022 00:00,1344.58666,"3,54,506",524133.3764,"70,47,42,746.20",161
05-10-2022 00:00,1347.8494,"3,66,662",377315.3521,"50,85,64,271",136
06-10-2022 00:00,1365.396458,"4,19,098",729775.3721,"99,64,32,708.40",165
07-10-2022 00:00,1345.232055,"4,07,631",867170.5935,"1,16,65,45,679.40",165
08-10-2022 00:00,1328.149675,"4,45,539",396022.4373,"52,59,77,071.40",54
09-10-2022 00:00,1319.924861,"4,73,499",82159.17957,"10,84,43,943.70",39
10-10-2022 00:00,1313.933715,"4,61,419",400479.713,"52,62,03,797.20",115
11-10-2022 00:00,1283.602607,"4,40,336",733841.9348,"94,19,61,420.80",121
12-10-2022 00:00,1295.56608,"4,09,719",553555.2135,"71,71,67,357.70",125
13-10-2022 00:00,1273.673059,"3,69,197",1373234.366,"1,74,90,51,615",303
14-10-2022 00:00,1316.04476,"3,56,819",632937.38,"83,29,73,922.40",158
15-10-2022 00:00,1289.013071,"3,90,718",197748.864,"25,49,00,870.50",53
16-10-2022 00:00,1288.984789,"3,46,667",297260.6052,"38,31,64,398.30",59
17-10-2022 00:00,1317.598804,"3,33,551",563008.9739,"74,18,19,950.50",120
18-10-2022 00:00,1322.60483,"3,12,291",652558.2011,"86,30,76,628.40",142
19-10-2022 00:00,1300.685341,"3,29,822",663071.3714,"86,24,47,212.80",129
20-10-2022 00:00,1290.412652,"3,67,946",648545.4823,"83,68,91,295.50",133
21-10-2022 00:00,1289.655849,"3,64,070",1116259.469,"1,43,95,90,553.10",135
22-10-2022 00:00,1306.646458,"3,23,444",312633.5254,"40,85,01,488.70",60
23-10-2022 00:00,1318.170385,"3,38,930",365757.3642,"48,21,30,525.70",102
24-10-2022 00:00,1345.320092,"3,47,910",965889.2723,"1,29,94,30,244.30",203
25-10-2022 00:00,1389.564227,"3,36,437",1559348.224,"2,16,68,14,509.40",372
26-10-2022 00:00,1526.799252,"3,68,094",1849664.76,"2,82,40,66,771.60",480
27-10-2022 00:00,1550.453542,"3,80,559",1304708.717,"2,02,28,90,251.20",270
28-10-2022 00:00,1526.956313,"3,32,118",997137.4105,"1,52,25,85,264",224
29-10-2022 00:00,1607.105319,"3,33,624",824720.7377,"1,32,54,13,084.10",217
30-10-2022 00:00,1603.080739,"3,29,423",575594.4211,"92,27,24,329.80",130
31-10-2022 00:00,1582.310455,"3,42,410",928447.3897,"1,46,90,92,011.20",224
01-11-2022 00:00,1583.451948,"3,58,608",652857.9836,"1,03,37,69,245.70",144
02-11-2022 00:00,1561.770164,"3,19,868",1293513.002,"2,02,01,70,013",279
03-11-2022 00:00,1541.638539,"3,49,956",1065296.85,"1,64,23,02,678.90",219
04-11-2022 00:00,1595.545966,"3,16,020",1124021.105,"1,79,34,27,339",286
05-11-2022 00:00,1640.656124,"3,27,983",491871.4103,"80,69,91,841.40",109
06-11-2022 00:00,1618.066651,"2,99,899",629678.7868,"1,01,88,62,245.60",179
07-11-2022 00:00,1581.31125,"3,48,533",1620659.891,"2,56,27,67,717.90",422
08-11-2022 00:00,1460.494492,"3,28,321",3616520.213,"5,28,19,07,850",741
09-11-2022 00:00,1229.430849,"3,57,649",4963169.239,"6,10,18,73,372.40",868
10-11-2022 00:00,1230.354189,"3,39,584",3760759.129,"4,62,70,65,747",686
11-11-2022 00:00,1268.136963,"3,31,893",1917123.354,"2,43,11,74,988.90",498
12-11-2022 00:00,1265.376354,"3,28,067",1387211.83,"1,75,53,45,047.90",303
13-11-2022 00:00,1242.325928,"3,08,363",2261076.479,"2,80,89,93,935.20",256
14-11-2022 00:00,1230.694113,"3,39,793",1891074.511,"2,32,73,34,267.40",362
15-11-2022 00:00,1259.085199,"3,66,202",1498837.37,"1,88,71,63,948.50",300
16-11-2022 00:00,1230.597898,"3,58,537",1612028.425,"1,98,37,58,790.90",307
17-11-2022 00:00,1205.770574,"3,76,300",1434572.95,"1,72,97,65,849.90",235
18-11-2022 00:00,1214.550799,"3,51,822",1258372.9,"1,52,83,57,811.10",213
19-11-2022 00:00,1210.489312,"3,20,781",940581.1605,"1,13,85,63,441.70",105
20-11-2022 00:00,1193.435919,"2,95,341",635122.3769,"75,79,77,857.20",170
21-11-2022 00:00,1122.283775,"2,97,113",3083177.049,"3,46,01,99,578.20",413
22-11-2022 00:00,1110.708314,"3,01,848",1779297.798,"1,97,62,80,858.10",278
23-11-2022 00:00,1162.942153,"3,33,427",959453.6473,"1,11,57,89,090.10",233
24-11-2022 00:00,1199.648933,"3,64,870",692284.5562,"83,04,98,429.20",199
25-11-2022 00:00,1190.813093,"3,87,852",769313.4746,"91,61,08,558.50",176
26-11-2022 00:00,1216.107456,"3,57,767",457113.257,"55,58,98,840",83
27-11-2022 00:00,1215.586004,"3,28,091",428857.6985,"52,13,13,415.90",65
28-11-2022 00:00,1173.243567,"4,23,308",1287718.437,"1,51,08,07,371.90",161
29-11-2022 00:00,1206.499429,"3,76,154",1038875.09,"1,25,34,02,202.20",194
30-11-2022 00:00,1272.342557,"3,33,384",876366.8791,"1,11,50,38,875.70",246
01-12-2022 00:00,1281.215824,"3,11,180",585778.111,"75,05,08,185.10",179
02-12-2022 00:00,1281.073561,"3,77,569",695730.3045,"89,12,81,698.40",123
03-12-2022 00:00,1274.845237,"3,63,634",247978.1209,"31,61,33,726.30",84
04-12-2022 00:00,1263.041787,"3,89,301",421411.5479,"53,22,60,394.40",62
05-12-2022 00:00,1282.111244,"3,46,018",652304.6495,"83,63,27,125.40",152
06-12-2022 00:00,1259.025152,"3,47,056",1156732.959,"1,45,63,55,889.20",133
07-12-2022 00:00,1241.643924,"3,08,020",1943648.59,"2,41,33,19,461.70",201
08-12-2022 00:00,1246.794656,"3,07,416",629994.553,"78,54,73,841.90",177
09-12-2022 00:00,1277.920395,"13,54,074",575943.0585,"73,60,09,380.60",139
10-12-2022 00:00,1269.231294,"5,03,301",257760.4663,"32,71,57,650.20",73
11-12-2022 00:00,1273.722696,"4,60,587",143861.9371,"18,32,40,214.40",41
12-12-2022 00:00,1254.925044,"4,87,656",604801.5833,"75,89,80,653.70",117
13-12-2022 00:00,1295.011878,"3,56,720",1444964.006,"1,87,12,45,550.90",313
14-12-2022 00:00,1324.04131,"3,63,740",833495.3891,"1,10,35,82,326.80",182
15-12-2022 00:00,1283.368403,"3,64,543",675894.0676,"86,74,21,090",172
16-12-2022 00:00,1229.434905,"3,99,796",1469672.55,"1,80,68,66,732.20",281
17-12-2022 00:00,1179.185909,"3,41,651",535262.0647,"63,11,73,484.40",92
18-12-2022 00:00,1184.682052,"2,79,043",333035.3051,"39,45,40,948.50",64
19-12-2022 00:00,1181.45904,"3,21,959",466382.0582,"55,10,11,299",117
20-12-2022 00:00,1212.455357,"3,11,163",861673.7349,"1,04,47,40,935.60",162
21-12-2022 00:00,1219.198456,"3,63,517",570210.5009,"69,51,99,762.60",105
22-12-2022 00:00,1209.696667,"3,30,715",395307.5679,"47,82,02,247.20",116
23-12-2022 00:00,1221.015445,"3,41,844",965219.0146,"1,17,85,47,324.70",147
24-12-2022 00:00,1220.131386,"3,15,112",108354.7154,"13,22,06,989",36
25-12-2022 00:00,1217.577279,"3,04,814",175093.5535,"21,31,89,932.40",58
26-12-2022 00:00,1219.395975,"3,17,084",193152.9223,"23,55,29,896.10",47
27-12-2022 00:00,1218.07863,"3,34,727",263572.9017,"32,10,52,519.10",109
28-12-2022 00:00,1197.596692,"3,11,603",407562.3337,"48,80,95,302.60",122
29-12-2022 00:00,1197.151405,"2,98,279",412466.2665,"49,37,84,570.30",111
30-12-2022 00:00,1195.532112,"3,10,024",647300.2515,"77,38,68,236.60",136
31-12-2022 00:00,1198.908163,"2,80,396",599835.1085,"71,91,47,207.90",112
01-01-2023 00:00,1197.520196,"2,28,385",160862.822,"19,26,36,478.10",46
02-01-2023 00:00,1211.8791,"2,74,554",226832.4659,"27,48,93,524.70",63
03-01-2023 00:00,1214.090644,"2,87,334",190579.3719,"23,13,80,632.40",87
04-01-2023 00:00,1248.748261,"3,34,456",1051303.067,"1,31,28,12,876.60",175
05-01-2023 00:00,1252.396174,"4,54,970",507016.5816,"63,49,85,627.10",105
06-01-2023 00:00,1255.180436,"3,21,370",430827.4671,"54,07,66,207.80",126
07-01-2023 00:00,1265.461342,"3,27,274",135832.5446,"17,18,90,834.10",35
08-01-2023 00:00,1265.569441,"5,83,824",382524.9517,"48,41,11,889.40",41
09-01-2023 00:00,1317.884605,"3,76,589",583210.2769,"76,86,03,845.70",178
10-01-2023 00:00,1330.613425,"3,44,584",532760.9379,"70,88,98,856.20",137
11-01-2023 00:00,1336.652311,"3,53,869",474609.9133,"63,43,88,437.30",116
12-01-2023 00:00,1403.739517,"3,62,187",925190.4023,"1,29,87,26,328.50",188
13-01-2023 00:00,1416.436076,"3,41,453",1008487.436,"1,42,84,57,986.50",207
14-01-2023 00:00,1536.553968,"3,70,213",1083893.386,"1,66,54,60,683.10",217
15-01-2023 00:00,1537.044306,"3,21,173",235321.9016,"36,17,00,188.80",96
16-01-2023 00:00,1562.479299,"3,47,008",762956.0464,"1,19,21,03,028.80",173
17-01-2023 00:00,1571.980915,"3,35,620",858885.4527,"1,35,01,51,540.20",148
18-01-2023 00:00,1566.693097,"4,00,373",755872.5275,"1,18,42,20,270.70",206
19-01-2023 00:00,1532.601045,"3,21,936",705969.1096,"1,08,19,68,995",133
20-01-2023 00:00,1573.294744,"3,33,725",714024.3177,"1,12,33,70,706.40",156
21-01-2023 00:00,1653.959953,"3,31,396",521424.1831,"86,24,14,717.20",159
22-01-2023 00:00,1631.665385,"2,88,798",285588.3169,"46,59,84,571.10",106
23-01-2023 00:00,1632.298999,"3,01,488",639132.142,"1,04,32,54,755.80",139
24-01-2023 00:00,1623.411149,"3,14,105",716725.1407,"1,16,35,39,584.20",178
25-01-2023 00:00,1558.271869,"3,20,185",942607.1173,"1,46,88,38,154.10",246
26-01-2023 00:00,1609.183239,"3,38,913",353816.0828,"56,93,54,910",156
27-01-2023 00:00,1586.526985,"3,67,813",611917.5025,"97,08,23,630.70",141
28-01-2023 00:00,1585.929596,"3,11,635",223301.5625,"35,41,40,556.80",77
29-01-2023 00:00,1612.068848,"3,19,958",300293.5924,"48,40,93,945.60",126
30-01-2023 00:00,1647.169091,"3,60,602",933595.8918,"1,53,77,90,296.40",194
